eco	name	pgn	weight
A00	Barnes Opening (KingBase continuation, n=2)	1. f3 e5 2. Nh3 d5 3. Nf2 Bc5 4. e3 Nc6 5. c3 Nf6	1
A00	Barnes Opening: Hammerschlag (KingBase continuation, n=1)	1. f3 e5 2. Kf2 f5 3. e3 Nc6 4. c3 f4 5. g3 d5	1
A00	Clemenz Opening (KingBase continuation, n=3)	1. h3 e5 2. a3 d5 3. c4 c6 4. e3 Nf6 5. b4 Bd6	1
A00	Creepy Crawly Formation: Classical Defense (KingBase continuation, n=3)	1. h3 d5 2. a3 e5 3. c4 c6 4. cxd5 cxd5 5. d3 Bd6	1
A00	Global Opening (KingBase continuation, n=3)	1. h3 e5 2. a3 d5 3. c4 c6 4. e3 Nf6 5. b4 Bd6	1
A00	Grob Opening: Grob Gambit Declined (KingBase continuation, n=3)	1. g4 d5 2. Bg2 c6 3. h3 e5 4. d4 Nd7 5. c4 dxc4	1
A00	Grob Opening: Spike Attack (KingBase continuation, n=2)	1. g4 d5 2. Bg2 c6 3. g5 e5 4. d4 e4 5. c4 Be6	1
A00	Grob Opening: Spike, Hurst Attack (KingBase continuation, n=2)	1. g4 e5 2. Bg2 d5 3. c4 c6 4. cxd5 cxd5 5. Qb3 Ne7	1
A00	Hungarian Opening: Bücker Gambit (KingBase continuation, n=1)	1. g3 d5 2. Bg2 e5 3. b4 Nf6 4. Bb2 Bd6 5. c4 c6	1
A00	Hungarian Opening: Catalan Formation (KingBase continuation, n=3)	1. g3 d5 2. Bg2 e6 3. Nf3 f5 4. O-O Nf6 5. d3 Be7	1
A00	Hungarian Opening: Dutch Defense (KingBase continuation, n=8)	1. g3 f5 2. Bg2 Nf6 3. d3 e5 4. e4 fxe4 5. dxe4 Bc5	1
A00	Hungarian Opening: Indian Defense (KingBase continuation, n=135)	1. g3 Nf6 2. Bg2 g6 3. e4 d6 4. d4 Bg7 5. Ne2 O-O	1
A00	Hungarian Opening: Myers Defense (KingBase continuation, n=1)	1. g3 g5 2. Bg2 Bg7 3. d4 h6 4. e4 d6 5. Ne2 c6	1
A00	Hungarian Opening: Reversed Alekhine (KingBase continuation, n=5)	1. g3 e5 2. Nf3 e4 3. Nd4 c5 4. Nb3 c4 5. Nd4 Bc5	1
A00	Hungarian Opening: Reversed Modern Defense (KingBase continuation, n=9)	1. g3 d5 2. Bg2 c5 3. Nf3 Nc6 4. O-O e5 5. d3 Nf6	1
A00	Hungarian Opening: Reversed Norwegian Defense (KingBase continuation, n=1)	1. g3 e5 2. Nf3 e4 3. Nh4 d5 4. d3 Be7 5. dxe4 dxe4	1
A00	Hungarian Opening: Sicilian Invitation (KingBase continuation, n=42)	1. g3 c5 2. Bg2 Nc6 3. e4 g6 4. d3 Bg7 5. f4 d6	1
A00	Hungarian Opening: Slav Formation (KingBase continuation, n=33)	1. g3 d5 2. Bg2 c6 3. Nf3 Bg4 4. b3 Nd7 5. Bb2 Ngf6	1
A00	Hungarian Opening: Symmetrical Variation (KingBase continuation, n=59)	1. g3 g6 2. Bg2 Bg7 3. d4 Nf6 4. e4 d6 5. Ne2 O-O	1
A00	Hungarian Opening: Van Kuijk Gambit (KingBase continuation, n=1)	1. g3 h5 2. Nf3 h4 3. Nxh4 g5 4. Nf3 g4 5. Ng1 d5	1
A00	Kádas Opening (KingBase continuation, n=2)	1. h4 d5 2. h5 h6 3. e4 dxe4 4. Nc3 Nf6 5. Qe2 Nc6	1
A00	Lasker Simul Special (KingBase continuation, n=2)	1. g3 h5 2. Nf3 Nf6 3. Bg2 Nc6 4. d4 d6 5. c4 Bf5	1
A00	Mieses Opening (KingBase continuation, n=4)	1. d3 d5 2. g3 e5 3. Bg2 Nf6 4. Nf3 Nc6 5. O-O Be7	1
A00	Mieses Opening: Reversed Rat (KingBase continuation, n=4)	1. d3 e5 2. Nf3 Nc6 3. g3 d5 4. Bg2 Nf6 5. O-O Be7	1
A00	Polish Opening, with d5 (KingBase continuation, n=5)	1. b4 d5 2. Bb2 Nf6 3. e3 Bf5 4. Nf3 e6 5. c4 c6	1
A00	Polish Opening, with d5 (KingBase continuation, n=2)	1. b4 d5 2. Bb2 Nf6 3. Nf3 h6 4. g3 Bf5 5. Bg2 e6	1
A00	Polish Opening: Baltic Defense (KingBase continuation, n=3)	1. b4 d5 2. Bb2 Bf5 3. e3 e6 4. Nf3 Nf6 5. b5 h6	1
A00	Polish Opening: Birmingham Gambit (KingBase continuation, n=2)	1. b4 c5 2. bxc5 e5 3. c4 Bxc5 4. Nc3 Nf6 5. e3 Nc6	1
A00	Polish Opening: Bugayev Advance Variation (KingBase continuation, n=6)	1. b4 e5 2. Bb2 f6 3. b5 d5 4. e3 Be6 5. Nf3 Bd6	1
A00	Polish Opening: Bugayev Attack (KingBase continuation, n=14)	1. b4 e5 2. a3 d5 3. Bb2 Bd6 4. Nf3 Qe7 5. e3 Nf6	1
A00	Polish Opening: Czech Defense (KingBase continuation, n=5)	1. b4 e5 2. Bb2 d6 3. e3 Nf6 4. c4 g6 5. Nf3 Bg7	1
A00	Polish Opening: Dutch Defense (KingBase continuation, n=2)	1. b4 f5 2. Bb2 h6 3. Be5 h5 4. d4 a5 5. a4 b5	1
A00	Polish Opening: German Defense (KingBase continuation, n=4)	1. b4 d5 2. Bb2 Qd6 3. a3 e5 4. Nf3 Nd7 5. e3 Ngf6	1
A00	Polish Opening: Grigorian Variation (KingBase continuation, n=1)	1. b4 Nc6 2. b5 Ne5 3. e4 d5 4. d4 Ng6 5. e5 e6	1
A00	Polish Opening: King's Indian Variation, Schiffler Attack (KingBase continuation, n=1)	1. b4 Nf6 2. Bb2 g6 3. e4 d6 4. Bc4 Bg7 5. Nf3 O-O	1
A00	Polish Opening: Outflank Variation (KingBase continuation, n=7)	1. b4 c6 2. Bb2 Qb6 3. a3 a5 4. c4 axb4 5. c5 Qc7	1
A00	Polish Opening: Outflank Variation, Schuehler Gambit (KingBase continuation, n=3)	1. b4 c6 2. Bb2 a5 3. b5 cxb5 4. e4 b4 5. a3 bxa3	1
A00	Polish Opening: Queen's Indian Variation (KingBase continuation, n=1)	1. b4 e6 2. Bb2 Nf6 3. b5 b6 4. Nf3 Bb7 5. e3 Be7	1
A00	Polish Opening: Schiffler-Sokolsky Variation (KingBase continuation, n=4)	1. b4 e6 2. Bb2 Nf6 3. b5 d5 4. e3 Be7 5. Nf3 O-O	1
A00	Polish Opening: Schuehler Gambit (KingBase continuation, n=3)	1. b4 c6 2. Bb2 a5 3. b5 cxb5 4. e4 b4 5. a3 bxa3	1
A00	Polish Opening: Tartakower Gambit (KingBase continuation, n=3)	1. b4 e5 2. Bb2 f6 3. e4 Bxb4 4. Bc4 Ne7 5. Qh5+ Ng6	1
A00	Saragossa Opening (KingBase continuation, n=3)	1. c3 e5 2. c4 Nf6 3. d3 d5 4. cxd5 Nxd5 5. Nf3 Nc6	1
A00	Sodium Attack (KingBase continuation, n=1)	1. Na3 e5 2. e3 d5 3. d4 e4 4. c4 c6 5. Qb3 Nf6	1
A00	Valencia Opening (KingBase continuation, n=1)	1. d3 e5 2. Nd2 g6 3. b3 Bg7 4. Bb2 Nc6 5. g3 Nh6	1
A00	Van Geet Opening: Battambang Variation (KingBase continuation, n=1)	1. a3 e5 2. Nc3 d5 3. d4 e4 4. f3 Bd6 5. g3 Bf5	1
A00	Van Geet Opening: Billockus-Johansen Gambit (KingBase continuation, n=2)	1. Nc3 e5 2. Nf3 Bc5 3. Nxe5 Bxf2+ 4. Kxf2 Qh4+ 5. g3 Qd4+	1
A00	Van Geet Opening: Damhaug Gambit (KingBase continuation, n=1)	1. Nc3 d5 2. f4 e5 3. fxe5 d4 4. Ne4 Qd5 5. d3 Nc6	1
A00	Van Geet Opening: Dougherty Gambit (KingBase continuation, n=1)	1. Nc3 d5 2. e4 dxe4 3. f3 exf3 4. Nxf3 Nf6 5. d4 g6	1
A00	Van Geet Opening: Dunst-Perrenet Gambit (KingBase continuation, n=2)	1. Nc3 d5 2. e4 dxe4 3. d3 Nf6 4. Bg5 exd3 5. Bxd3 e6	1
A00	Van Geet Opening: Kluever Gambit (KingBase continuation, n=1)	1. Nc3 f5 2. e4 fxe4 3. d3 e3 4. Bxe3 Nf6 5. Be2 e5	1
A00	Van Geet Opening: Myers Attack (KingBase continuation, n=4)	1. Nc3 g6 2. h4 Nf6 3. e4 d6 4. h5 Nxh5 5. Rxh5 gxh5	1
A00	Van Geet Opening: Napoleon Attack (KingBase continuation, n=42)	1. Nc3 e5 2. Nf3 Nc6 3. d4 exd4 4. Nxd4 Nf6 5. Bg5 Bb4	1
A00	Van Geet Opening: Novosibirsk Variation (KingBase continuation, n=6)	1. Nc3 c5 2. d4 cxd4 3. Qxd4 Nc6 4. Qh4 g6 5. e4 Bg7	1
A00	Van Geet Opening: Reversed Nimzowitsch (KingBase continuation, n=42)	1. Nc3 e5 2. Nf3 Nc6 3. d4 exd4 4. Nxd4 Nf6 5. Bg5 Bb4	1
A00	Van Geet Opening: Reversed Scandinavian (KingBase continuation, n=1)	1. Nc3 e5 2. d4 exd4 3. Qxd4 Nc6 4. Qa4 Bb4 5. Bd2 Nge7	1
A00	Van Geet Opening: Sicilian Two Knights (KingBase continuation, n=22)	1. Nc3 c5 2. Nf3 Nc6 3. d4 cxd4 4. Nxd4 g6 5. g3 Bg7	1
A00	Van Geet Opening: Tübingen Gambit (KingBase continuation, n=2)	1. Nc3 Nf6 2. g4 Nxg4 3. e4 d6 4. Be2 Nf6 5. d4 c6	1
A00	Van't Kruijs Opening (KingBase continuation, n=5)	1. e3 Nf6 2. f4 g6 3. Nf3 Bg7 4. Be2 O-O 5. O-O c5	1
A00	Ware Opening (KingBase continuation, n=2)	1. a4 e5 2. e4 Nf6 3. Nc3 Bb4 4. Nf3 O-O 5. Nxe5 Re8	1
A01	Nimzo-Larsen Attack (KingBase continuation, n=191)	1. b3 e5 2. Bb2 Nc6 3. e3 Nf6 4. Bb5 Bd6 5. Na3 Na5	1
A01	Nimzo-Larsen Attack: Classical Variation (KingBase continuation, n=17)	1. b3 d5 2. Bb2 Bg4 3. g3 c6 4. Bg2 Nd7 5. Nf3 Ngf6	1
A01	Nimzo-Larsen Attack: Dutch Variation (KingBase continuation, n=2)	1. b3 f5 2. Bb2 Nf6 3. Bxf6 exf6 4. c4 d5 5. cxd5 Qxd5	1
A01	Nimzo-Larsen Attack: English Variation (KingBase continuation, n=9)	1. b3 c5 2. Bb2 Nc6 3. Nf3 d6 4. d4 cxd4 5. Nxd4 Nf6	1
A01	Nimzo-Larsen Attack: Graz Attack (KingBase continuation, n=1)	1. b3 d5 2. Ba3 g6 3. Bb2 Nf6 4. Nf3 Bg7 5. e3 O-O	1
A01	Nimzo-Larsen Attack: Indian Variation (KingBase continuation, n=42)	1. b3 Nf6 2. Bb2 g6 3. Bxf6 exf6 4. c4 Bg7 5. Nc3 f5	1
A01	Nimzo-Larsen Attack: Modern Variation (KingBase continuation, n=191)	1. b3 e5 2. Bb2 Nc6 3. e3 Nf6 4. Bb5 Bd6 5. Na3 Na5	1
A01	Nimzo-Larsen Attack: Modern Variation (KingBase continuation, n=191)	1. b3 e5 2. Bb2 Nc6 3. e3 Nf6 4. Bb5 Bd6 5. Na3 Na5	1
A01	Nimzo-Larsen Attack: Modern Variation (KingBase continuation, n=191)	1. b3 e5 2. Bb2 Nc6 3. e3 Nf6 4. Bb5 Bd6 5. Na3 Na5	1
A01	Nimzo-Larsen Attack: Modern Variation (KingBase continuation, n=98)	1. b3 e5 2. Bb2 Nc6 3. c4 Nf6 4. e3 d5 5. cxd5 Nxd5	1
A01	Nimzo-Larsen Attack: Polish Variation (KingBase continuation, n=2)	1. b3 b5 2. Bb2 Bb7 3. Nf3 e6 4. g3 Nf6 5. Bg2 Be7	1
A01	Nimzo-Larsen Attack: Ringelbach Gambit (KingBase continuation, n=2)	1. b3 f5 2. Bb2 e6 3. e4 fxe4 4. Qh5+ Ke7 5. Nc3 Nf6	1
A01	Nimzo-Larsen Attack: Spike Variation (KingBase continuation, n=2)	1. b3 Nf6 2. Bb2 g6 3. g4 h6 4. Bg2 Bg7 5. h3 d6	1
A01	Nimzo-Larsen Attack: Symmetrical Variation (KingBase continuation, n=15)	1. b3 b6 2. Bb2 Bb7 3. e3 e6 4. Nf3 Nf6 5. Be2 Be7	1
A02	Bird Opening (KingBase continuation, n=175)	1. f4 d5 2. Nf3 Nf6 3. g3 g6 4. Bg2 Bg7 5. O-O O-O	1
A02	Bird Opening: Batavo-Polish Attack (KingBase continuation, n=3)	1. f4 Nf6 2. Nf3 g6 3. b4 Bg7 4. Bb2 O-O 5. e3 d6	1
A02	Bird Opening: From's Gambit (KingBase continuation, n=82)	1. f4 e5 2. fxe5 d6 3. exd6 Bxd6 4. Nf3 g5 5. g3 g4	1
A02	Bird Opening: From's Gambit, Langheld Gambit (KingBase continuation, n=1)	1. f4 e5 2. fxe5 d6 3. exd6 Nf6 4. Nf3 Bxd6 5. g3 Ne4	1
A02	Bird Opening: From's Gambit, Lasker Variation (KingBase continuation, n=82)	1. f4 e5 2. fxe5 d6 3. exd6 Bxd6 4. Nf3 g5 5. g3 g4	1
A02	Bird Opening: Hobbs Gambit (KingBase continuation, n=1)	1. f4 g5 2. fxg5 e5 3. e4 h6 4. g6 Qh4+ 5. g3 Qxe4+	1
A02	Bird Opening: Horsefly Defense (KingBase continuation, n=2)	1. f4 Nh6 2. Nf3 g6 3. g3 d5 4. Bg2 Bg7 5. O-O c6	1
A02	Bird Opening: Lasker Gambit (KingBase continuation, n=1)	1. f4 e5 2. fxe5 f6 3. Nf3 fxe5 4. Nxe5 Qf6 5. Nf3 d5	1
A02	Bird Opening: Mujannah (KingBase continuation, n=1)	1. f4 Nf6 2. c4 e6 3. Nf3 c5 4. Nc3 d5 5. cxd5 exd5	1
A02	Bird Opening: Myers Defense (KingBase continuation, n=2)	1. f4 b5 2. Nf3 Bb7 3. e3 b4 4. d4 e6 5. Bd3 Nf6	1
A02	Bird Opening: Schlechter Gambit (KingBase continuation, n=7)	1. f4 e5 2. fxe5 Nc6 3. Nf3 g5 4. d4 g4 5. Ng5 d5	1
A02	Bird Opening: Wagner-Zwitersch Gambit (KingBase continuation, n=1)	1. f4 f5 2. e4 fxe4 3. d3 e3 4. Bxe3 Nf6 5. Nf3 g6	1
A03	Bird Opening: Dutch Variation (KingBase continuation, n=175)	1. f4 d5 2. Nf3 Nf6 3. g3 g6 4. Bg2 Bg7 5. O-O O-O	1
A03	Bird Opening: Lasker Variation (KingBase continuation, n=4)	1. f4 d5 2. Nf3 Nf6 3. e3 c5 4. b3 g6 5. Bb2 Bg7	1
A03	Bird Opening: Sturm Gambit (KingBase continuation, n=2)	1. f4 d5 2. c4 d4 3. g3 c5 4. Bg2 Nc6 5. Nf3 Nf6	1
A03	Bird Opening: Thomas Gambit (KingBase continuation, n=1)	1. f4 d5 2. b3 Nf6 3. Bb2 d4 4. Nf3 c5 5. e3 dxe3	1
A04	Colle System: Rhamphorhynchus Variation (KingBase continuation, n=6)	1. Nf3 c5 2. e3 g6 3. d4 Bg7 4. dxc5 Qa5+ 5. Nbd2 Qxc5	1
A04	Modern Defense: Semi-Averbakh Variation, Polish Variation (KingBase continuation, n=43)	1. Nf3 c5 2. c4 g6 3. d4 Bg7 4. e4 Qb6 5. dxc5 Qxc5	1
A04	Zukertort Opening: Arctic Defense (KingBase continuation, n=2)	1. Nf3 f6 2. e4 c6 3. d4 d5 4. exd5 cxd5 5. c4 e6	1
A04	Zukertort Opening: Basman Defense (KingBase continuation, n=2)	1. Nf3 h6 2. b4 Nf6 3. Bb2 e6 4. a3 b6 5. g3 Bb7	1
A04	Zukertort Opening: Black Mustang Defense (KingBase continuation, n=46)	1. Nf3 Nc6 2. d4 d5 3. c4 Bg4 4. cxd5 Bxf3 5. gxf3 Qxd5	1
A04	Zukertort Opening: Dutch Variation (KingBase continuation, n=315)	1. Nf3 f5 2. g3 Nf6 3. Bg2 g6 4. O-O Bg7 5. d4 O-O	1
A04	Zukertort Opening: Herrstrom Gambit (KingBase continuation, n=1)	1. Nf3 g5 2. Nxg5 e5 3. d4 h6 4. Nf3 e4 5. Ng1 d5	1
A04	Zukertort Opening: Lisitsyn Gambit (KingBase continuation, n=32)	1. Nf3 f5 2. e4 fxe4 3. Ng5 d5 4. d3 Qd6 5. dxe4 h6	1
A04	Zukertort Opening: Lisitsyn Gambit Deferred (KingBase continuation, n=22)	1. Nf3 f5 2. d3 Nf6 3. e4 d6 4. Nc3 e5 5. exf5 Bxf5	1
A04	Zukertort Opening: Pirc Invitation (KingBase continuation, n=186)	1. Nf3 d6 2. d4 Nf6 3. c4 g6 4. Nc3 Bg7 5. e4 O-O	1
A04	Zukertort Opening: Polish Defense (KingBase continuation, n=33)	1. Nf3 b5 2. e4 Bb7 3. Bxb5 Bxe4 4. O-O Nf6 5. d4 e6	1
A04	Zukertort Opening: Queen's Gambit Invitation (KingBase continuation, n=189)	1. Nf3 e6 2. c4 f5 3. g3 Nf6 4. Bg2 Be7 5. O-O O-O	1
A04	Zukertort Opening: Queenside Fianchetto Variation (KingBase continuation, n=58)	1. Nf3 b6 2. e4 Bb7 3. Nc3 e6 4. d4 Bb4 5. Bd3 Nf6	1
A04	Zukertort Opening: Ross Gambit (KingBase continuation, n=1)	1. Nf3 e5 2. g3 c5 3. Bg2 Nc6 4. O-O d5 5. c4 d4	1
A04	Zukertort Opening: Slav Invitation (KingBase continuation, n=7)	1. Nf3 c6 2. g3 d5 3. Bg2 Nf6 4. O-O Bf5 5. d3 e6	1
A04	Zukertort Opening: St. George Defense (KingBase continuation, n=2)	1. Nf3 a6 2. c4 g6 3. d4 Bg7 4. Nc3 d6 5. e4 Nd7	1
A04	Zukertort Opening: The Walrus (KingBase continuation, n=1)	1. Nf3 e5 2. Nxe5 Nc6 3. Nxc6 dxc6 4. d4 Bf5 5. e3 Qd7	1
A04	Zukertort Opening: Vos Gambit (KingBase continuation, n=1)	1. Nf3 d6 2. d4 e5 3. dxe5 Bg4 4. exd6 Bxd6 5. Nbd2 Qe7	1
A04	Zukertort Opening: Wade Defense (KingBase continuation, n=2)	1. Nf3 d6 2. e4 Bg4 3. d4 Nf6 4. Nc3 e6 5. Be2 c6	1
A05	King's Indian Attack: Smyslov Variation (KingBase continuation, n=83)	1. Nf3 Nf6 2. g3 g6 3. b4 Bg7 4. Bb2 O-O 5. Bg2 d6	1
A05	King's Indian Attack: Spassky Variation (KingBase continuation, n=156)	1. Nf3 Nf6 2. g3 b5 3. Bg2 Bb7 4. O-O e6 5. d3 Be7	1
A05	Polish Opening: Zukertort System (KingBase continuation, n=6)	1. Nf3 Nf6 2. b4 g6 3. Bb2 Bg7 4. e3 O-O 5. Be2 d6	1
A05	Zukertort Opening (KingBase continuation, n=2)	1. Nf3 Nf6 2. Nc3 Nc6 3. e4 e5 4. Bb5 Bb4 5. d3 d6	1
A05	Zukertort Opening: Lemberger Gambit (KingBase continuation, n=2)	1. Nf3 Nf6 2. e4 g6 3. g3 Bg7 4. Bg2 O-O 5. O-O d6	1
A05	Zukertort Opening: Nimzo-Larsen Variation (KingBase continuation, n=205)	1. Nf3 Nf6 2. b3 g6 3. Bb2 Bg7 4. g3 O-O 5. Bg2 d6	1
A05	Zukertort Opening: Quiet System (KingBase continuation, n=40)	1. Nf3 Nf6 2. e3 g6 3. b4 Bg7 4. Bb2 O-O 5. c4 d6	1
A06	Nimzo-Larsen Attack: Classical Variation (KingBase continuation, n=28)	1. Nf3 d5 2. b3 Nf6 3. Bb2 e6 4. e3 Be7 5. d4 O-O	1
A06	Nimzo-Larsen Attack: Norfolk Gambit (KingBase continuation, n=1)	1. Nf3 d5 2. b3 c5 3. e4 dxe4 4. Ne5 a6 5. Bc4 e6	1
A06	Zukertort Opening: Old Indian Attack (KingBase continuation, n=5)	1. Nf3 d5 2. d3 g6 3. g3 Bg7 4. Bg2 e5 5. O-O Ne7	1
A06	Zukertort Opening: Reversed Mexican Defense (KingBase continuation, n=1)	1. Nf3 d5 2. Nc3 c5 3. e4 d4 4. Nb5 a6 5. Na3 b5	1
A06	Zukertort Opening: Santasiere's Folly (KingBase continuation, n=2)	1. b4 d5 2. Nf3 Nf6 3. e3 Bg4 4. Be2 e6 5. a3 Nbd7	1
A07	King's Indian Attack, with e6 (KingBase continuation, n=270)	1. Nf3 Nf6 2. g3 d5 3. Bg2 e6 4. O-O Be7 5. c4 O-O	1
A07	King's Indian Attack, with e6 (KingBase continuation, n=270)	1. Nf3 Nf6 2. g3 d5 3. Bg2 e6 4. O-O Be7 5. c4 O-O	1
A07	King's Indian Attack: Keres Variation (KingBase continuation, n=314)	1. Nf3 d5 2. g3 Bg4 3. Bg2 Nd7 4. c4 e6 5. cxd5 exd5	1
A07	King's Indian Attack: Keres Variation (KingBase continuation, n=314)	1. Nf3 d5 2. g3 Bg4 3. Bg2 Nd7 4. c4 e6 5. cxd5 exd5	1
A07	King's Indian Attack: Omega-Delta Gambit (KingBase continuation, n=1)	1. Nf3 d5 2. g3 e5 3. d3 Be7 4. Bg2 c6 5. O-O Be6	1
A07	King's Indian Attack: Sicilian Variation (KingBase continuation, n=212)	1. Nf3 d5 2. g3 c5 3. Bg2 Nc6 4. d4 e6 5. O-O Nf6	1
A07	King's Indian Attack: Yugoslav Variation (KingBase continuation, n=500)	1. Nf3 Nf6 2. g3 d5 3. Bg2 c6 4. O-O Bg4 5. d3 Nbd7	1
A08	King's Indian Attack: French Variation (KingBase continuation, n=212)	1. Nf3 d5 2. g3 c5 3. Bg2 Nc6 4. d4 e6 5. O-O Nf6	1
A08	King's Indian Attack: Sicilian Variation (KingBase continuation, n=212)	1. Nf3 d5 2. g3 c5 3. Bg2 Nc6 4. d4 e6 5. O-O Nf6	1
A08	King's Indian Attack: Sicilian Variation (KingBase continuation, n=12)	1. Nf3 d5 2. g3 c5 3. Bg2 Nf6 4. O-O e6 5. d3 Nc6	1
A08	Zukertort Opening: Reversed Grünfeld (KingBase continuation, n=212)	1. Nf3 d5 2. g3 c5 3. Bg2 Nc6 4. d4 e6 5. O-O Nf6	1
A08	Zukertort Opening: Reversed Grünfeld (KingBase continuation, n=136)	1. Nf3 d5 2. g3 c5 3. Bg2 Nc6 4. d4 Nf6 5. O-O e6	1
A08	Zukertort Opening: Reversed Grünfeld (KingBase continuation, n=136)	1. Nf3 d5 2. g3 c5 3. Bg2 Nc6 4. d4 Nf6 5. O-O e6	1
A08	Zukertort Opening: Reversed Grünfeld (KingBase continuation, n=212)	1. Nf3 d5 2. g3 c5 3. Bg2 Nc6 4. d4 e6 5. O-O Nf6	1
A09	Réti Opening: Advance Variation (KingBase continuation, n=214)	1. Nf3 d5 2. c4 d4 3. e3 Nc6 4. exd4 Nxd4 5. Nxd4 Qxd4	1
A09	Réti Opening: Advance Variation, Michel Gambit (KingBase continuation, n=21)	1. Nf3 d5 2. c4 d4 3. b4 c5 4. e3 dxe3 5. fxe3 cxb4	1
A09	Réti Opening: Advance Variation, Navara Gambit (KingBase continuation, n=8)	1. Nf3 d5 2. c4 d4 3. b4 g5 4. Bb2 Bg7 5. Nxg5 e5	1
A09	Réti Opening: Reversed Blumenfeld Gambit (KingBase continuation, n=27)	1. Nf3 d5 2. c4 d4 3. e3 c5 4. b4 dxe3 5. fxe3 cxb4	1
A09	Réti Opening: Réti Accepted (KingBase continuation, n=81)	1. Nf3 d5 2. c4 dxc4 3. e3 Nf6 4. Bxc4 e6 5. O-O c5	1
A09	Réti Opening: Réti Gambit, Keres Variation (KingBase continuation, n=10)	1. Nf3 d5 2. c4 dxc4 3. e3 Be6 4. Na3 Nf6 5. Nxc4 Bd5	1
A10	English Opening: Adorjan Defense (KingBase continuation, n=40)	1. c4 g6 2. e4 e5 3. Nf3 Bg7 4. d4 exd4 5. Nxd4 Nf6	1
A10	English Opening: Anglo-Dutch Defense (KingBase continuation, n=156)	1. c4 f5 2. Nf3 Nf6 3. g3 g6 4. Bg2 Bg7 5. O-O O-O	1
A10	English Opening: Anglo-Dutch Defense, Hickmann Gambit (KingBase continuation, n=3)	1. c4 f5 2. e4 fxe4 3. Nc3 Nf6 4. g4 d5 5. g5 Ng4	1
A10	English Opening: Anglo-Dutch Variation, Ferenc Gambit (KingBase continuation, n=2)	1. c4 f5 2. Nc3 Nf6 3. e4 d6 4. exf5 Bxf5 5. d4 g6	1
A10	English Opening: Anglo-Lithuanian Variation (KingBase continuation, n=10)	1. c4 Nc6 2. Nc3 e5 3. g3 g6 4. Bg2 Bg7 5. d3 d6	1
A10	English Opening: Anglo-Scandinavian Defense (KingBase continuation, n=3)	1. c4 d5 2. cxd5 Nf6 3. Nc3 Nxd5 4. g3 g6 5. Bg2 c6	1
A10	English Opening: Anglo-Scandinavian Defense, Malvinas Variation (KingBase continuation, n=2)	1. c4 d5 2. cxd5 Qxd5 3. Nc3 Qa5 4. g3 Nf6 5. Bg2 c6	1
A10	English Opening: Anglo-Scandinavian Defense, Schulz Gambit (KingBase continuation, n=3)	1. c4 d5 2. cxd5 Nf6 3. Nc3 Nxd5 4. g3 g6 5. Bg2 c6	1
A10	English Opening: Jaenisch Gambit (KingBase continuation, n=1)	1. c4 b5 2. cxb5 a6 3. bxa6 e5 4. Nc3 d5 5. d4 e4	1
A10	English Opening: Myers Defense (KingBase continuation, n=2)	1. c4 g5 2. Nc3 Bg7 3. g3 c5 4. Bg2 Nc6 5. d3 g4	1
A10	English Opening: Myers Gambit (KingBase continuation, n=1)	1. c4 g5 2. d4 Bg7 3. Nc3 g4 4. e4 c5 5. d5 d6	1
A10	English Opening: Porcupine Variation (KingBase continuation, n=1)	1. c4 f5 2. Nc3 Nf6 3. e4 fxe4 4. g4 g6 5. Bg2 Bg7	1
A10	English Opening: Wade Gambit (KingBase continuation, n=1)	1. c4 f5 2. g4 fxg4 3. h3 g3 4. fxg3 Nf6 5. d4 e6	1
A11	Réti Opening: Anglo-Slav Variation, Gurevich System (KingBase continuation, n=28)	1. c4 c6 2. Nf3 d5 3. e3 Nf6 4. Qc2 g6 5. b3 Bg7	1
A11	Réti Opening: Anglo-Slav Variation, Gurevich System (KingBase continuation, n=10)	1. c4 c6 2. Nf3 d5 3. e3 Nf6 4. Nc3 Nbd7 5. Qc2 e6	1
A11	Réti Opening: Anglo-Slav Variation, with g3 (KingBase continuation, n=2)	1. c4 c6 2. Nf3 d5 3. g3 Nf6 4. b3 g6 5. Bb2 Bg7	1
A11	Réti Opening: Anglo-Slav Variation, with g3 (KingBase continuation, n=55)	1. c4 c6 2. Nf3 d5 3. g3 Nf6 4. Bg2 dxc4 5. O-O Nbd7	1
A12	Réti Opening: Anglo-Slav Variation, Bled Variation (KingBase continuation, n=28)	1. Nf3 d5 2. b3 Nf6 3. Bb2 g6 4. c4 c6 5. g3 Bg7	1
A12	Réti Opening: Anglo-Slav Variation, Bogoljubow Variation (KingBase continuation, n=65)	1. Nf3 d5 2. c4 c6 3. b3 Nf6 4. Bb2 Bf5 5. g3 e6	1
A12	Réti Opening: Anglo-Slav Variation, Bogoljubow Variation (KingBase continuation, n=13)	1. Nf3 d5 2. c4 c6 3. b3 Bg4 4. Bb2 Nd7 5. e3 e6	1
A12	Réti Opening: Anglo-Slav Variation, Bogoljubow Variation (KingBase continuation, n=46)	1. Nf3 d5 2. c4 c6 3. b3 Bf5 4. Bb2 e6 5. g3 Nf6	1
A12	Réti Opening: Anglo-Slav Variation, Bogoljubow Variation (KingBase continuation, n=46)	1. Nf3 d5 2. c4 c6 3. b3 Bf5 4. Bb2 e6 5. g3 Nf6	1
A12	Réti Opening: Anglo-Slav Variation, Capablanca Variation (KingBase continuation, n=12)	1. c4 Nf6 2. Nf3 c6 3. b3 d5 4. Bb2 Bg4 5. e3 e6	1
A12	Réti Opening: Anglo-Slav Variation, Capablanca Variation (KingBase continuation, n=12)	1. c4 Nf6 2. Nf3 c6 3. b3 d5 4. Bb2 Bg4 5. e3 e6	1
A12	Réti Opening: Anglo-Slav Variation, Capablanca Variation (KingBase continuation, n=2)	1. c4 Nf6 2. Nf3 c6 3. b3 d5 4. Bb2 Bg4 5. d3 Bxf3	1
A12	Réti Opening: Anglo-Slav Variation, London Defensive System (KingBase continuation, n=16)	1. c4 Nf6 2. g3 c6 3. Nf3 d5 4. b3 Bf5 5. Bb2 e6	1
A12	Réti Opening: Anglo-Slav Variation, New York System (KingBase continuation, n=26)	1. Nf3 Nf6 2. c4 c6 3. b3 d5 4. Bb2 Bf5 5. g3 e6	1
A12	Réti Opening: Anglo-Slav Variation, New York System (KingBase continuation, n=10)	1. Nf3 Nf6 2. c4 c6 3. b3 d5 4. Bb2 Bf5 5. e3 e6	1
A12	Réti Opening: Anglo-Slav Variation, New York System (KingBase continuation, n=17)	1. Nf3 Nf6 2. c4 c6 3. b3 d5 4. Bb2 Bf5 5. d3 e6	1
A12	Réti Opening: Anglo-Slav Variation, Torre System (KingBase continuation, n=8)	1. c4 Nf6 2. g3 c6 3. Nf3 d5 4. b3 Bg4 5. Bb2 Bxf3	1
A12	Réti Opening: Anglo-Slav Variation, with dxc4 (KingBase continuation, n=22)	1. c4 Nf6 2. g3 c6 3. Nf3 d5 4. b3 dxc4 5. bxc4 e5	1
A13	English Opening: Agincourt Defense, Bogoljubow Defense (KingBase continuation, n=4)	1. c4 e6 2. Nf3 d5 3. g3 Nf6 4. Bg2 Bd6 5. O-O O-O	1
A13	English Opening: Agincourt Defense, Catalan Defense (KingBase continuation, n=1)	1. c4 e6 2. Nf3 d5 3. g3 b6 4. Bg2 Bb7 5. O-O Nd7	1
A13	English Opening: Agincourt Defense, Catalan Defense (KingBase continuation, n=38)	1. c4 e6 2. Nf3 d5 3. g3 c5 4. Bg2 Nc6 5. O-O Nf6	1
A13	English Opening: Agincourt Defense, Catalan Defense Accepted (KingBase continuation, n=64)	1. c4 e6 2. Nf3 Nf6 3. g3 d5 4. Bg2 dxc4 5. Qa4+ Nbd7	1
A13	English Opening: Agincourt Defense, Catalan Defense, Semi-Slav Defense (KingBase continuation, n=9)	1. c4 e6 2. Nf3 Nf6 3. g3 d5 4. Bg2 c6 5. b3 Be7	1
A13	English Opening: Agincourt Defense, Kurajica Defense (KingBase continuation, n=9)	1. c4 e6 2. Nf3 d5 3. g3 c6 4. b3 Nf6 5. Bg2 Be7	1
A13	English Opening: Agincourt Defense, Wimpy System (KingBase continuation, n=6)	1. c4 e6 2. Nf3 Nf6 3. b3 d5 4. Bb2 c5 5. e3 Nc6	1
A13	English Opening: Romanishin Gambit (KingBase continuation, n=28)	1. c4 Nf6 2. Nf3 e6 3. g3 a6 4. Bg2 b5 5. b3 Bb7	1
A15	English Opening: Anglo-Indian Defense, Anti-Anti-Grünfeld (KingBase continuation, n=66)	1. c4 Nf6 2. Nc3 g6 3. Nf3 Bg7 4. e4 d6 5. d4 O-O	1
A15	English Opening: Anglo-Indian Defense, Grünfeld Formation (KingBase continuation, n=1)	1. c4 Nf6 2. Nf3 g6 3. g3 d5 4. cxd5 Nxd5 5. Nc3 Nb6	1
A15	English Opening: Anglo-Indian Defense, King's Indian Formation, Double Fianchetto (KingBase continuation, n=3)	1. c4 Nf6 2. Nf3 g6 3. g3 b6 4. Bg2 Bb7 5. O-O Bg7	1
A15	English Opening: Anglo-Indian Defense, Old Indian Formation (KingBase continuation, n=10)	1. c4 Nf6 2. Nf3 d6 3. g3 g6 4. Bg2 Bg7 5. O-O O-O	1
A15	English Opening: Anglo-Indian Defense, Queen's Indian Formation (KingBase continuation, n=67)	1. c4 Nf6 2. Nf3 b6 3. g3 Bb7 4. Bg2 e6 5. O-O Be7	1
A15	English Opening: Anglo-Indian Defense, Queen's Indian Formation (KingBase continuation, n=128)	1. c4 e6 2. Nf3 Nf6 3. g3 b6 4. Bg2 Bb7 5. O-O Be7	1
A15	English Opening: Anglo-Indian Defense, Romanishin Variation (KingBase continuation, n=23)	1. c4 e6 2. Nf3 Nf6 3. g3 a6 4. Bg2 b5 5. b3 c5	1
A15	English Opening: Anglo-Indian Defense, Scandinavian Defense (KingBase continuation, n=4)	1. c4 Nf6 2. Nf3 d5 3. cxd5 Nxd5 4. g3 g6 5. Bg2 Bg7	1
A15	English Opening: Anglo-Indian Defense, Scandinavian Defense, Exchange Variation (KingBase continuation, n=4)	1. c4 Nf6 2. Nf3 d5 3. cxd5 Nxd5 4. g3 g6 5. Bg2 Bg7	1
A15	English Opening: Anglo-Indian Defense, Slav Formation (KingBase continuation, n=4)	1. c4 Nf6 2. Nf3 g6 3. g3 c6 4. b3 Bg7 5. Bb2 O-O	1
A15	English Orangutan (KingBase continuation, n=2)	1. c4 Nf6 2. b4 d5 3. e3 e5 4. cxd5 Nxd5 5. a3 c5	1
A15	English Orangutan (KingBase continuation, n=24)	1. c4 Nf6 2. Nf3 g6 3. b4 Bg7 4. Bb2 O-O 5. e3 d6	1
A17	English Opening: Anglo-Indian Defense, Hedgehog System (KingBase continuation, n=762)	1. c4 Nf6 2. Nc3 e6 3. e4 d5 4. e5 d4 5. exf6 dxc3	1
A17	English Opening: Anglo-Indian Defense, Nimzo-English (KingBase continuation, n=85)	1. c4 Nf6 2. Nc3 e6 3. Nf3 Bb4 4. Qc2 O-O 5. a3 Bxc3	1
A17	English Opening: Anglo-Indian Defense, Queen's Indian Formation (KingBase continuation, n=3)	1. c4 e6 2. Nc3 Nf6 3. Nf3 b6 4. g3 Bb7 5. Bg2 c5	1
A18	English Opening: Mikenas-Carls Variation (KingBase continuation, n=112)	1. c4 e6 2. Nc3 Nf6 3. e4 d5 4. e5 d4 5. exf6 dxc3	1
A18	English Opening: Mikenas-Carls Variation (KingBase continuation, n=1)	1. c4 e6 2. Nc3 Nf6 3. e4 Nc6 4. d4 Bb4 5. e5 Ne4	1
A18	English Opening: Mikenas-Carls Variation (KingBase continuation, n=112)	1. c4 e6 2. Nc3 Nf6 3. e4 d5 4. e5 d4 5. exf6 dxc3	1
A19	English Opening: Anglo-Indian Defense, Flohr-Mikenas-Carls Variation, Nei Gambit (KingBase continuation, n=29)	1. c4 e6 2. Nc3 Nf6 3. e4 c5 4. e5 Ng8 5. Nf3 Nc6	1
A19	English Opening: Mikenas-Carls, Sicilian (KingBase continuation, n=29)	1. c4 e6 2. Nc3 Nf6 3. e4 c5 4. e5 Ng8 5. Nf3 Nc6	1
A20	English Opening: Drill Variation (KingBase continuation, n=13)	1. c4 e5 2. g3 h5 3. h4 Nc6 4. Bg2 Bc5 5. Nc3 d6	1
A20	English Opening: King's English Variation, Nimzowitsch Variation (KingBase continuation, n=23)	1. c4 e5 2. Nf3 e4 3. Nd4 Nc6 4. Nxc6 dxc6 5. Nc3 Nf6	1
A20	English Opening: King's English Variation, Nimzowitsch-Flohr Variation (KingBase continuation, n=23)	1. c4 e5 2. Nf3 e4 3. Nd4 Nc6 4. Nxc6 dxc6 5. Nc3 Nf6	1
A21	English Opening: King's English Variation (KingBase continuation, n=87)	1. c4 e5 2. Nc3 d6 3. Nf3 f5 4. d4 e4 5. Ng5 Be7	1
A21	English Opening: King's English Variation, Keres Defense (KingBase continuation, n=2)	1. c4 e5 2. Nc3 d6 3. g3 c6 4. Bg2 Nf6 5. d4 Nbd7	1
A21	English Opening: King's English Variation, Kramnik-Shirov Counterattack (KingBase continuation, n=104)	1. c4 e5 2. Nc3 Bb4 3. Nd5 Bc5 4. Nf3 c6 5. Nc3 d6	1
A21	English Opening: King's English Variation, Smyslov Defense (KingBase continuation, n=3)	1. c4 e5 2. Nc3 d6 3. Nf3 Bg4 4. d4 Bxf3 5. exf3 exd4	1
A21	English Opening: King's English Variation, Troger Defense (KingBase continuation, n=120)	1. c4 e5 2. Nc3 Nc6 3. g3 d6 4. Bg2 Be6 5. d3 Qd7	1
A22	English Opening: King's English Variation, Bellon Gambit (KingBase continuation, n=12)	1. c4 e5 2. Nc3 Nf6 3. Nf3 e4 4. Ng5 b5 5. d3 exd3	1
A22	English Opening: King's English Variation, Two Knights Variation, Reversed Dragon (KingBase continuation, n=1139)	1. c4 e5 2. Nc3 Nf6 3. g3 d5 4. cxd5 Nxd5 5. Bg2 Nb6	1
A22	English Opening: King's English, Mazedonisch (KingBase continuation, n=1)	1. c4 e5 2. Nc3 Nf6 3. f4 exf4 4. d4 d5 5. Bxf4 Bb4	1
A23	English Opening: King's English Variation, Two Knights Variation, Keres Variation (KingBase continuation, n=111)	1. c4 e5 2. Nc3 Nf6 3. g3 c6 4. d4 exd4 5. Qxd4 d5	1
A23	English Opening: King's English Variation, Two Knights Variation, Keres Variation (KingBase continuation, n=3)	1. c4 e5 2. Nc3 Nf6 3. g3 Bc5 4. Bg2 c6 5. e3 O-O	1
A24	English Opening: King's English Variation, Two Knights Variation, Fianchetto Line (KingBase continuation, n=10)	1. c4 e5 2. Nc3 Nf6 3. g3 g6 4. Bg2 Bg7 5. Nf3 Nc6	1
A25	English Opening: King's English Variation, Hungarian Attack (KingBase continuation, n=168)	1. c4 e5 2. Nc3 Nc6 3. g3 g6 4. Bg2 Bg7 5. Rb1 a5	1
A25	English Opening: King's English Variation, Reversed Closed Sicilian (KingBase continuation, n=161)	1. c4 e5 2. g3 Nf6 3. Bg2 Nc6 4. Nc3 Bb4 5. Nd5 Bc5	1
A27	English Opening: King's English Variation, Three Knights System (KingBase continuation, n=263)	1. c4 e5 2. Nc3 Nc6 3. Nf3 g6 4. d4 exd4 5. Nxd4 Bg7	1
A28	English Opening: Four Knights System, Nimzowitsch Variation (KingBase continuation, n=135)	1. c4 e5 2. Nc3 Nf6 3. Nf3 Nc6 4. e4 Bb4 5. d3 d6	1
A28	English Opening: King's English Variation, Four Knights Variation, Bradley Beach Variation (KingBase continuation, n=19)	1. c4 e5 2. Nc3 Nf6 3. Nf3 Nc6 4. d4 e4 5. Ng5 Bb4	1
A28	English Opening: King's English Variation, Four Knights Variation, Flexible Line (KingBase continuation, n=141)	1. c4 e5 2. Nc3 Nf6 3. Nf3 Nc6 4. d3 d5 5. cxd5 Nxd5	1
A28	English Opening: King's English Variation, Four Knights Variation, Korchnoi Line (KingBase continuation, n=215)	1. c4 e5 2. Nc3 Nf6 3. Nf3 Nc6 4. a3 d5 5. cxd5 Nxd5	1
A31	English Opening: Symmetrical Variation, Anti-Benoni Variation (KingBase continuation, n=9)	1. c4 Nf6 2. d4 c5 3. Nf3 cxd4 4. Nxd4 e5 5. Nb5 d5	1
A34	English Opening: Symmetrical Variation, Three Knights Variation (KingBase continuation, n=45)	1. c4 c5 2. Nc3 Nf6 3. Nf3 e6 4. g3 b6 5. Bg2 Bb7	1
A35	English Opening: Symmetrical Variation, Four Knights Variation, Keres-Parma System (KingBase continuation, n=5)	1. c4 c5 2. Nf3 Nf6 3. Nc3 Nc6 4. g3 e6 5. Bg2 d5	1
A36	English Opening: Symmetrical Variation, Botvinnik System (KingBase continuation, n=2)	1. c4 c5 2. e4 Nc6 3. Nc3 g6 4. g3 Bg7 5. Bg2 d6	1
A36	English Opening: Symmetrical Variation, Ultra-Symmetrical Variation (KingBase continuation, n=150)	1. c4 c5 2. g3 g6 3. Bg2 Bg7 4. Nc3 Nc6 5. Nf3 d6	1
A40	Australian Defense (KingBase continuation, n=2)	1. d4 Na6 2. c4 c6 3. Nc3 d6 4. e4 e5 5. d5 Be7	1
A40	Borg Defense: Borg Gambit (KingBase continuation, n=1)	1. d4 g5 2. Bxg5 Bg7 3. c3 c5 4. e3 Qb6 5. Qb3 Qg6	1
A40	English Defense (KingBase continuation, n=38)	1. d4 b6 2. e4 Bb7 3. Bd3 e6 4. Nf3 c5 5. c3 Nf6	1
A40	English Defense: Eastbourne Gambit (KingBase continuation, n=1)	1. d4 b6 2. c4 Bb7 3. Nc3 e5 4. dxe5 Nc6 5. Nf3 Bb4	1
A40	English Defense: Perrin Variation (KingBase continuation, n=128)	1. d4 e6 2. c4 b6 3. e4 Bb7 4. Bd3 Nc6 5. Ne2 Nb4	1
A40	Englund Gambit (KingBase continuation, n=7)	1. d4 e5 2. dxe5 Nc6 3. Nf3 Qe7 4. Qd5 f6 5. exf6 Nxf6	1
A40	Englund Gambit Declined (KingBase continuation, n=2)	1. d4 e5 2. d5 c5 3. c4 d6 4. e4 f5 5. Nc3 Nf6	1
A40	Englund Gambit Declined: Reversed Alekhine (KingBase continuation, n=1)	1. d4 e5 2. Nf3 e4 3. Nfd2 d5 4. e3 Bd6 5. c4 c6	1
A40	Englund Gambit Declined: Reversed French (KingBase continuation, n=1)	1. d4 e5 2. e3 e4 3. c4 f5 4. g3 Nf6 5. Nc3 Nc6	1
A40	Englund Gambit Declined: Reversed Krebs (KingBase continuation, n=1)	1. d4 e5 2. Nf3 e4 3. Nfd2 d5 4. e3 Bd6 5. c4 c6	1
A40	Englund Gambit: Hartlaub-Charlick Gambit (KingBase continuation, n=1)	1. d4 e5 2. dxe5 d6 3. Nf3 Bg4 4. Bf4 Bxf3 5. exf3 g5	1
A40	Englund Gambit: Main Line (KingBase continuation, n=7)	1. d4 e5 2. dxe5 Nc6 3. Nf3 Qe7 4. Qd5 f6 5. exf6 Nxf6	1
A40	Englund Gambit: Soller Gambit (KingBase continuation, n=1)	1. d4 e5 2. dxe5 f6 3. exf6 Nxf6 4. Bg5 Bc5 5. e3 c6	1
A40	Englund Gambit: Soller Gambit Deferred (KingBase continuation, n=2)	1. d4 e5 2. dxe5 Nc6 3. Nf3 f6 4. exf6 Nxf6 5. Bg5 d5	1
A40	Englund Gambit: Stockholm Variation (KingBase continuation, n=7)	1. d4 e5 2. dxe5 Nc6 3. Nf3 Qe7 4. Qd5 f6 5. exf6 Nxf6	1
A40	Englund Gambit: Zilbermints Gambit (KingBase continuation, n=1)	1. d4 e5 2. dxe5 Nc6 3. Nf3 Nge7 4. Bf4 h6 5. h4 Ng6	1
A40	Horwitz Defense: Zilbermints Gambit (KingBase continuation, n=1)	1. d4 e6 2. c4 e5 3. Qa4 exd4 4. Nf3 Nc6 5. Qc2 Bc5	1
A40	Kangaroo Defense (KingBase continuation, n=130)	1. d4 e6 2. c4 Bb4+ 3. Bd2 a5 4. Nf3 d6 5. g3 Nc6	1
A40	Kangaroo Defense: Keres Defense, Transpositional Variation (KingBase continuation, n=38)	1. d4 e6 2. c4 Bb4+ 3. Nc3 f5 4. g3 Nf6 5. Bg2 O-O	1
A40	Mikenas Defense (KingBase continuation, n=51)	1. d4 Nc6 2. Nf3 d5 3. c4 Bg4 4. cxd5 Bxf3 5. gxf3 Qxd5	1
A40	Mikenas Defense: Lithuanian Variation (KingBase continuation, n=18)	1. d4 Nc6 2. c4 e5 3. d5 Nce7 4. e4 Ng6 5. Be3 Bb4+	1
A40	Modern Defense: Lizard Defense, Pirc-Diemer Gambit (KingBase continuation, n=2)	1. d4 g6 2. h4 Nf6 3. h5 Nxh5 4. e4 d6 5. Nc3 e5	1
A40	Montevideo Defense (KingBase continuation, n=2)	1. d4 Nc6 2. d5 Nb8 3. c4 d6 4. e4 Nf6 5. Nc3 g6	1
A40	Polish Defense (KingBase continuation, n=31)	1. d4 b5 2. e4 Bb7 3. Bd3 e6 4. Nf3 c5 5. c3 a6	1
A40	Polish Defense: Spassky Gambit Accepted (KingBase continuation, n=23)	1. d4 b5 2. e4 Bb7 3. Bxb5 Bxe4 4. Nf3 Nf6 5. O-O e6	1
A40	Pterodactyl Defense: Central, Benoni Pterodactyl (KingBase continuation, n=3)	1. d4 g6 2. c4 Bg7 3. e4 c5 4. d5 Qa5+ 5. Bd2 Qb6	1
A40	Pterodactyl Defense: Queen Pterodactyl, Quiet Line (KingBase continuation, n=50)	1. d4 g6 2. c4 Bg7 3. Nc3 c5 4. e3 Nf6 5. Nf3 O-O	1
A40	Queen's Pawn Game: Anglo-Slav Opening (KingBase continuation, n=5)	1. d4 c6 2. c4 d6 3. Nc3 Nf6 4. e4 e5 5. Nf3 Bg4	1
A40	Slav Indian: Kudischewitsch Gambit (KingBase continuation, n=1)	1. d4 c6 2. Nf3 Nf6 3. c4 b5 4. cxb5 Qa5+ 5. Bd2 Qxb5	1
A41	Modern Defense (KingBase continuation, n=312)	1. d4 g6 2. c4 Bg7 3. Nc3 d6 4. e4 Nc6 5. Be3 e5	1
A41	Modern Defense: Neo-Modern Defense (KingBase continuation, n=2)	1. d4 g6 2. c4 Bg7 3. e4 e5 4. d5 d6 5. Nc3 c6	1
A41	Old Indian Defense (KingBase continuation, n=250)	1. d4 d6 2. c4 e5 3. Nf3 e4 4. Ng5 f5 5. Nc3 Be7	1
A41	Queen's Pawn Game (KingBase continuation, n=652)	1. d4 d6 2. Nf3 Nf6 3. c4 g6 4. Nc3 Bg7 5. e4 O-O	1
A41	Queen's Pawn Game: Rossolimo Variation (KingBase continuation, n=333)	1. d4 d6 2. Nf3 g6 3. c4 Bg7 4. Nc3 Nf6 5. e4 O-O	1
A41	Rat Defense: English Rat (KingBase continuation, n=250)	1. d4 d6 2. c4 e5 3. Nf3 e4 4. Ng5 f5 5. Nc3 Be7	1
A41	Rat Defense: English Rat, Lisbon Gambit (KingBase continuation, n=2)	1. d4 d6 2. c4 e5 3. dxe5 Nc6 4. exd6 Bxd6 5. Nf3 Bg4	1
A41	Rat Defense: English Rat, Pounds Gambit (KingBase continuation, n=1)	1. d4 d6 2. c4 e5 3. dxe5 Be6 4. b3 Nc6 5. Nf3 dxe5	1
A41	Robatsch Defense: Rossolimo Variation (KingBase continuation, n=76)	1. d4 d6 2. Nf3 g6 3. c4 Bg7 4. e4 Bg4 5. Be2 Nc6	1
A41	Wade Defense (KingBase continuation, n=143)	1. d4 d6 2. Nf3 Bg4 3. e4 Nf6 4. Nc3 e6 5. h3 Bh5	1
A41	Zukertort Opening: Wade Defense, Chigorin Plan (KingBase continuation, n=52)	1. d4 d6 2. Nf3 Bg4 3. c4 Nd7 4. Qb3 Rb8 5. h3 Bxf3	1
A42	Modern Defense: Averbakh System (KingBase continuation, n=312)	1. d4 g6 2. c4 Bg7 3. Nc3 d6 4. e4 Nc6 5. Be3 e5	1
A42	Modern Defense: Kotov Variation (KingBase continuation, n=312)	1. d4 g6 2. c4 Bg7 3. Nc3 d6 4. e4 Nc6 5. Be3 e5	1
A42	Modern Defense: Randspringer Variation (KingBase continuation, n=6)	1. d4 g6 2. c4 Bg7 3. Nc3 d6 4. e4 f5 5. exf5 Bxf5	1
A43	Benoni Defense: Benoni Gambit Accepted (KingBase continuation, n=27)	1. d4 c5 2. dxc5 e6 3. Nc3 Bxc5 4. Ne4 d5 5. Nxc5 Qa5+	1
A43	Benoni Defense: Benoni Gambit, Schlenker Defense (KingBase continuation, n=4)	1. d4 c5 2. dxc5 Na6 3. e4 Nxc5 4. Nc3 d6 5. Be3 e6	1
A43	Benoni Defense: Benoni-Indian Defense (KingBase continuation, n=224)	1. d4 c5 2. d5 Nf6 3. c4 e6 4. Nc3 exd5 5. cxd5 d6	1
A43	Benoni Defense: Benoni-Indian Defense, Kingside Move Order (KingBase continuation, n=19)	1. d4 c5 2. d5 Nf6 3. Nf3 g6 4. Nc3 Bg7 5. e4 d6	1
A43	Benoni Defense: Benoni-Staunton Gambit (KingBase continuation, n=15)	1. d4 c5 2. d5 f5 3. e4 fxe4 4. Nc3 Nf6 5. g4 h6	1
A43	Benoni Defense: French Benoni (KingBase continuation, n=33)	1. e4 e6 2. d4 c5 3. d5 exd5 4. exd5 d6 5. Nf3 Nf6	1
A43	Benoni Defense: Hawk Variation (KingBase continuation, n=3)	1. d4 Nf6 2. Nf3 c5 3. d5 c4 4. e4 Nxe4 5. Bxc4 b5	1
A43	Benoni Defense: Old Benoni (KingBase continuation, n=224)	1. d4 c5 2. d5 Nf6 3. c4 e6 4. Nc3 exd5 5. cxd5 d6	1
A43	Benoni Defense: Old Benoni (KingBase continuation, n=224)	1. d4 c5 2. d5 Nf6 3. c4 e6 4. Nc3 exd5 5. cxd5 d6	1
A43	Benoni Defense: Old Benoni (KingBase continuation, n=67)	1. d4 c5 2. d5 d6 3. e4 Nf6 4. Nc3 g6 5. Nf3 Bg7	1
A43	Benoni Defense: Old Benoni, Mujannah Formation (KingBase continuation, n=17)	1. d4 c5 2. d5 f5 3. c4 Nf6 4. Nc3 g6 5. g3 d6	1
A43	Benoni Defense: Old Benoni, Schmid Variation (KingBase continuation, n=14)	1. d4 c5 2. d5 d6 3. Nc3 g6 4. e4 Bg7 5. Nf3 Nf6	1
A43	Benoni Defense: Snail Variation (KingBase continuation, n=1)	1. d4 c5 2. d5 Na6 3. c4 d6 4. Nc3 Nc7 5. Nf3 Nf6	1
A43	Benoni Defense: Woozle (KingBase continuation, n=17)	1. d4 c5 2. d5 Nf6 3. Nc3 Qa5 4. Bd2 b5 5. e4 b4	1
A43	Indian Defense: Pseudo-Benko (KingBase continuation, n=193)	1. d4 Nf6 2. Nf3 c5 3. d5 b5 4. Bg5 d6 5. Bxf6 exf6	1
A44	Benoni Defense: Old Benoni (KingBase continuation, n=109)	1. d4 c5 2. d5 e5 3. e4 d6 4. Nc3 a6 5. a4 Be7	1
A44	Benoni Defense: Semi-Benoni (KingBase continuation, n=109)	1. d4 c5 2. d5 e5 3. e4 d6 4. Nc3 a6 5. a4 Be7	1
A45	Amazon Attack: Siberian Attack (KingBase continuation, n=2)	1. d4 Nf6 2. Nc3 d5 3. Qd3 Nc6 4. Bf4 a6 5. a3 g6	1
A45	Basque Opening (KingBase continuation, n=2)	1. d4 Nf6 2. b3 d5 3. Bb2 Bf5 4. Nd2 e6 5. Ngf3 Nbd7	1
A45	Canard Opening (KingBase continuation, n=4)	1. d4 Nf6 2. f4 g6 3. Nf3 Bg7 4. e3 O-O 5. Bd3 c5	1
A45	Indian Defense: Accelerated London System (KingBase continuation, n=122)	1. d4 Nf6 2. Bf4 g6 3. e3 Bg7 4. Nf3 O-O 5. Be2 d6	1
A45	Indian Defense: Gedult Attack (KingBase continuation, n=1)	1. d4 Nf6 2. f3 d5 3. g4 h6 4. e3 c5 5. Nc3 Nc6	1
A45	Indian Defense: Gibbins-Weidenhagen Gambit (KingBase continuation, n=3)	1. d4 Nf6 2. g4 d5 3. g5 Ne4 4. f3 Nd6 5. Nc3 e6	1
A45	Indian Defense: Gibbins-Weidenhagen Gambit Accepted (KingBase continuation, n=3)	1. d4 Nf6 2. g4 Nxg4 3. e4 d6 4. Be2 Nf6 5. Nc3 e5	1
A45	Indian Defense: Gibbins-Weidenhagen Gambit, Oshima Defense (KingBase continuation, n=1)	1. d4 Nf6 2. g4 e5 3. dxe5 Nxg4 4. Bf4 Nc6 5. Nf3 Bb4+	1
A45	Indian Defense: Gibbins-Weidenhagen Gambit, Stummer Gambit (KingBase continuation, n=3)	1. d4 Nf6 2. g4 Nxg4 3. e4 d6 4. Be2 Nf6 5. Nc3 e5	1
A45	Indian Defense: Lazard Gambit (KingBase continuation, n=1)	1. d4 Nf6 2. Nd2 e5 3. dxe5 Ng4 4. Ngf3 Nc6 5. Nc4 Bc5	1
A45	Indian Defense: Omega Gambit (KingBase continuation, n=1)	1. d4 Nf6 2. e4 e6 3. Bg5 h6 4. Bxf6 Qxf6 5. c3 c5	1
A45	Indian Defense: Paleface Attack, Blackmar-Diemer Gambit Deferred (KingBase continuation, n=9)	1. d4 Nf6 2. f3 d5 3. e4 dxe4 4. Nc3 exf3 5. Nxf3 Bg4	1
A45	Indian Defense: Pawn Push Variation (KingBase continuation, n=1)	1. d4 Nf6 2. d5 e6 3. c4 Bb4+ 4. Bd2 Qe7 5. a3 Bc5	1
A45	Indian Defense: Reversed Chigorin Defense (KingBase continuation, n=21)	1. d4 Nf6 2. Nc3 c5 3. d5 d6 4. e4 g6 5. Nf3 Bg7	1
A45	Indian Defense: Tartakower Attack (KingBase continuation, n=280)	1. d4 Nf6 2. g3 g6 3. Bg2 Bg7 4. e4 d6 5. Ne2 O-O	1
A45	Paleface Attack (KingBase continuation, n=9)	1. d4 Nf6 2. f3 d5 3. e4 dxe4 4. Nc3 exf3 5. Nxf3 Bg4	1
A45	Queen's Pawn Game: Veresov, Richter Attack (KingBase continuation, n=1)	1. d4 Nf6 2. f3 d5 3. Nc3 e6 4. Bg5 c5 5. e4 cxd4	1
A45	Trompowsky Attack: Borg Variation (KingBase continuation, n=6)	1. d4 Nf6 2. Bg5 Ne4 3. Bf4 g5 4. Bc1 h6 5. f3 Nf6	1
A45	Trompowsky Attack: Classical Defense (KingBase continuation, n=492)	1. d4 Nf6 2. Bg5 e6 3. e4 h6 4. Bxf6 Qxf6 5. c3 d6	1
A45	Trompowsky Attack: Classical Defense, Big Center Variation (KingBase continuation, n=492)	1. d4 Nf6 2. Bg5 e6 3. e4 h6 4. Bxf6 Qxf6 5. c3 d6	1
A45	Trompowsky Attack: Poisoned Pawn Variation (KingBase continuation, n=232)	1. d4 Nf6 2. Bg5 c5 3. d5 Qb6 4. Nc3 Qxb2 5. Bd2 Qb6	1
A45	Trompowsky Attack: Raptor Variation (KingBase continuation, n=63)	1. d4 Nf6 2. Bg5 Ne4 3. h4 c5 4. dxc5 Qa5+ 5. Nd2 Nxg5	1
A45	Trompowsky Attack: Raptor Variation, Hergert Gambit (KingBase continuation, n=1)	1. d4 Nf6 2. Bg5 Ne4 3. h4 Nxg5 4. hxg5 e5 5. g6 fxg6	1
A46	Döry Defense (KingBase continuation, n=1)	1. d4 Nf6 2. Nf3 Ne4 3. g3 d5 4. Bg2 e6 5. O-O Bd6	1
A46	Indian Defense: Czech-Indian (KingBase continuation, n=32)	1. d4 Nf6 2. Nf3 c6 3. c4 d6 4. Nc3 Nbd7 5. e4 e5	1
A46	Indian Defense: Knights Variation, Alburt-Miles Variation (KingBase continuation, n=2)	1. d4 Nf6 2. Nf3 a6 3. Bg5 Ne4 4. Bf4 d5 5. Nbd2 Bf5	1
A46	Indian Defense: London System (KingBase continuation, n=217)	1. d4 Nf6 2. Nf3 e6 3. Bf4 b6 4. e3 Bb7 5. Nbd2 Be7	1
A46	Indian Defense: Polish Variation (KingBase continuation, n=32)	1. d4 Nf6 2. Nf3 b5 3. g3 Bb7 4. Bg2 e6 5. O-O c5	1
A46	Indian Defense: Spielmann-Indian (KingBase continuation, n=410)	1. d4 Nf6 2. Nf3 c5 3. d5 e6 4. c4 exd5 5. cxd5 d6	1
A46	Indian Defense: Wade-Tartakower Defense (KingBase continuation, n=239)	1. d4 Nf6 2. Nf3 d6 3. g3 g6 4. Bg2 Bg7 5. O-O O-O	1
A46	Queen's Pawn Game: Veresov Attack, Classical Defense (KingBase continuation, n=6)	1. d4 Nf6 2. Nf3 e6 3. Nc3 d5 4. Bg5 Be7 5. Bxf6 Bxf6	1
A46	Torre Attack: Classical Defense, Nimzowitsch Variation (KingBase continuation, n=302)	1. d4 Nf6 2. Nf3 e6 3. Bg5 h6 4. Bxf6 Qxf6 5. e4 d6	1
A46	Torre Attack: Classical Defense, Petrosian Gambit (KingBase continuation, n=40)	1. d4 Nf6 2. Nf3 e6 3. Bg5 c5 4. e3 b6 5. d5 exd5	1
A46	Torre Attack: Wagner Gambit (KingBase continuation, n=8)	1. d4 Nf6 2. Nf3 e6 3. Bg5 c5 4. e4 cxd4 5. e5 h6	1
A48	Indian Defense: Colle System, King's Indian Variation (KingBase continuation, n=21)	1. d4 Nf6 2. Nf3 g6 3. e3 Bg7 4. Bd3 d6 5. O-O O-O	1
A48	London System, with Bd3 (KingBase continuation, n=8)	1. d4 Nf6 2. Nf3 g6 3. Bf4 Bg7 4. e3 d6 5. Bd3 O-O	1
A48	Queen's Pawn Game: Barry Attack, Tarzan Attack (KingBase continuation, n=128)	1. d4 Nf6 2. Nf3 g6 3. Nc3 d5 4. Bf4 Bg7 5. Qd2 O-O	1
A48	Torre Attack: Fianchetto Defense, Euwe Variation (KingBase continuation, n=151)	1. d4 Nf6 2. Nf3 g6 3. Bg5 Bg7 4. Nbd2 c5 5. Bxf6 Bxf6	1
A50	Indian Defense: Medusa Gambit (KingBase continuation, n=1)	1. d4 Nf6 2. c4 g5 3. Nc3 Bg7 4. e4 d6 5. f3 O-O	1
A50	Indian Defense: Pyrenees Gambit (KingBase continuation, n=1)	1. d4 Nf6 2. c4 b5 3. cxb5 a6 4. e3 Bb7 5. Nf3 e6	1
A50	Mexican Defense (KingBase continuation, n=270)	1. d4 Nf6 2. c4 Nc6 3. Nf3 e6 4. a3 d6 5. Nc3 g6	1
A50	Mexican Defense: Horsefly Gambit (KingBase continuation, n=1)	1. d4 Nf6 2. c4 Nc6 3. d5 Ne5 4. f4 Nxc4 5. e4 Nb6	1
A50	Queen's Indian Accelerated (KingBase continuation, n=126)	1. d4 Nf6 2. c4 b6 3. Nc3 Bb7 4. Qc2 d5 5. cxd5 Nxd5	1
A50	Slav Indian (KingBase continuation, n=161)	1. d4 Nf6 2. c4 c6 3. Nc3 d5 4. Nf3 dxc4 5. a4 Bf5	1
A51	Indian Defense: Budapest Gambit (KingBase continuation, n=698)	1. d4 Nf6 2. c4 e5 3. dxe5 Ng4 4. Nf3 Bc5 5. e3 Nc6	1
A51	Indian Defense: Budapest Gambit Accepted (KingBase continuation, n=698)	1. d4 Nf6 2. c4 e5 3. dxe5 Ng4 4. Nf3 Bc5 5. e3 Nc6	1
A51	Indian Defense: Budapest Gambit Accepted, Fajarowicz Defense (KingBase continuation, n=51)	1. d4 Nf6 2. c4 e5 3. dxe5 Ne4 4. Nf3 Bb4+ 5. Nbd2 Nc6	1
A51	Indian Defense: Budapest Gambit Accepted, Fajarowicz Defense, Bonsdorf Variation (KingBase continuation, n=30)	1. d4 Nf6 2. c4 e5 3. dxe5 Ne4 4. a3 Nc6 5. Nf3 d6	1
A51	Indian Defense: Budapest Gambit Accepted, Fajarowicz Defense, Steiner Variation (KingBase continuation, n=13)	1. d4 Nf6 2. c4 e5 3. dxe5 Ne4 4. Qc2 Bb4+ 5. Nd2 d5	1
A52	Indian Defense: Budapest Gambit Accepted, Main Line (KingBase continuation, n=698)	1. d4 Nf6 2. c4 e5 3. dxe5 Ng4 4. Nf3 Bc5 5. e3 Nc6	1
A52	Indian Defense: Budapest Gambit Accepted, Main Line, Adler Variation (KingBase continuation, n=698)	1. d4 Nf6 2. c4 e5 3. dxe5 Ng4 4. Nf3 Bc5 5. e3 Nc6	1
A52	Indian Defense: Budapest Gambit Accepted, Main Line, Alekhine Variation (KingBase continuation, n=102)	1. d4 Nf6 2. c4 e5 3. dxe5 Ng4 4. e4 Nxe5 5. f4 Nec6	1
A52	Indian Defense: Budapest Gambit Accepted, Main Line, Alekhine Variation, Abonyi Variation (KingBase continuation, n=102)	1. d4 Nf6 2. c4 e5 3. dxe5 Ng4 4. e4 Nxe5 5. f4 Nec6	1
A52	Indian Defense: Budapest Gambit Accepted, Main Line, Alekhine Variation, Tartakower Defense (KingBase continuation, n=3)	1. d4 Nf6 2. c4 e5 3. dxe5 Ng4 4. e4 d6 5. Be2 Nxe5	1
A52	Indian Defense: Budapest Gambit Accepted, Main Line, Rubinstein Variation (KingBase continuation, n=636)	1. d4 Nf6 2. c4 e5 3. dxe5 Ng4 4. Bf4 Nc6 5. Nf3 Bb4+	1
A53	Old Indian Defense: Czech Variation, with Nc3 (KingBase continuation, n=21)	1. d4 Nf6 2. c4 d6 3. Nc3 c6 4. e4 e5 5. Nf3 Nbd7	1
A53	Old Indian Defense: Czech Variation, with Nf3 (KingBase continuation, n=15)	1. d4 Nf6 2. c4 d6 3. Nf3 c6 4. Nc3 Nbd7 5. e4 e5	1
A53	Old Indian Defense: Janowski Variation (KingBase continuation, n=88)	1. d4 Nf6 2. c4 d6 3. Nc3 Bf5 4. f3 e5 5. e4 exd4	1
A53	Old Indian Defense: Janowski Variation, Fianchetto Variation (KingBase continuation, n=17)	1. d4 Nf6 2. c4 d6 3. Nc3 Bf5 4. g3 e5 5. Bg2 c6	1
A53	Old Indian Defense: Janowski Variation, Grinberg Gambit (KingBase continuation, n=1)	1. d4 Nf6 2. c4 d6 3. Nc3 Bf5 4. e4 Bxe4 5. Nxe4 Nxe4	1
A53	Old Indian Defense: Janowski Variation, Main Line (KingBase continuation, n=88)	1. d4 Nf6 2. c4 d6 3. Nc3 Bf5 4. f3 e5 5. e4 exd4	1
A54	Old Indian Defense: Duz-Khotimirsky Variation (KingBase continuation, n=1)	1. d4 Nf6 2. c4 d6 3. Nc3 e5 4. e3 Nbd7 5. Bd3 g6	1
A54	Old Indian Defense: Tartakower-Indian (KingBase continuation, n=14)	1. d4 Nf6 2. c4 d6 3. Nf3 Bg4 4. Nc3 Nbd7 5. e4 e5	1
A54	Old Indian Defense: Two Knights Variation (KingBase continuation, n=114)	1. d4 Nf6 2. c4 d6 3. Nc3 e5 4. Nf3 Nbd7 5. e4 Be7	1
A54	Old Indian Defense: Ukrainian Variation (KingBase continuation, n=171)	1. d4 Nf6 2. c4 d6 3. Nc3 e5 4. dxe5 dxe5 5. Qxd8+ Kxd8	1
A56	Benoni Defense: Hromádka System (KingBase continuation, n=817)	1. d4 Nf6 2. c4 c5 3. d5 d6 4. Nc3 g6 5. e4 Bg7	1
A56	Benoni Defense: Weenink Variation (KingBase continuation, n=22)	1. d4 Nf6 2. c4 c5 3. dxc5 e6 4. Nf3 Bxc5 5. e3 O-O	1
A56	Vulture Defense (KingBase continuation, n=17)	1. d4 Nf6 2. c4 c5 3. d5 Ne4 4. Qc2 Qa5+ 5. Nd2 Nd6	1
A57	Benko Gambit Accepted: Dlugy Variation (KingBase continuation, n=359)	1. d4 Nf6 2. c4 c5 3. d5 b5 4. cxb5 a6 5. f3 axb5	1
A57	Benko Gambit Accepted: Modern Variation (KingBase continuation, n=414)	1. d4 Nf6 2. c4 c5 3. d5 b5 4. cxb5 a6 5. e3 g6	1
A57	Benko Gambit Accepted: Pawn Return Variation (KingBase continuation, n=855)	1. d4 Nf6 2. c4 c5 3. d5 b5 4. cxb5 a6 5. b6 d6	1
A57	Benko Gambit Declined: Bishop Attack (KingBase continuation, n=23)	1. d4 Nf6 2. c4 c5 3. d5 b5 4. Bg5 Ne4 5. Bf4 Qa5+	1
A57	Benko Gambit Declined: Hjørring Countergambit (KingBase continuation, n=14)	1. d4 Nf6 2. c4 c5 3. d5 b5 4. e4 Nxe4 5. Qf3 Qa5+	1
A57	Benko Gambit Declined: Main Line (KingBase continuation, n=431)	1. d4 Nf6 2. c4 c5 3. d5 b5 4. Nf3 g6 5. cxb5 a6	1
A57	Benko Gambit Declined: Pseudo-Sämisch (KingBase continuation, n=41)	1. d4 Nf6 2. c4 c5 3. d5 b5 4. f3 bxc4 5. e4 d6	1
A57	Benko Gambit Declined: Quiet Line (KingBase continuation, n=122)	1. d4 Nf6 2. c4 c5 3. d5 b5 4. Nd2 bxc4 5. e4 c3	1
A57	Benko Gambit Declined: Sosonko Variation (KingBase continuation, n=106)	1. d4 Nf6 2. c4 c5 3. d5 b5 4. a4 bxc4 5. Nc3 d6	1
A57	Benko Gambit: Mutkin Countergambit (KingBase continuation, n=2)	1. d4 Nf6 2. c4 c5 3. d5 b5 4. g4 Nxg4 5. Nc3 b4	1
A80	Dutch Defense: Alapin Variation (KingBase continuation, n=8)	1. d4 f5 2. Qd3 d5 3. g4 fxg4 4. h3 g3 5. fxg3 Nf6	1
A80	Dutch Defense: Barcza Variation (KingBase continuation, n=4)	1. d4 f5 2. Nf3 Nf6 3. c3 g6 4. Bg5 Bg7 5. Nbd2 O-O	1
A80	Dutch Defense: Hopton Attack (KingBase continuation, n=125)	1. d4 f5 2. Bg5 h6 3. Bh4 g5 4. e3 Nf6 5. Bg3 d6	1
A80	Dutch Defense: Janzen-Korchnoi Gambit (KingBase continuation, n=4)	1. d4 f5 2. h3 Nf6 3. g4 d5 4. g5 Ne4 5. Nf3 e6	1
A80	Dutch Defense: Kingfisher Gambit (KingBase continuation, n=9)	1. d4 f5 2. Nc3 d5 3. e4 dxe4 4. f3 e5 5. dxe5 Qxd1+	1
A80	Dutch Defense: Korchnoi Attack (KingBase continuation, n=4)	1. d4 f5 2. h3 Nf6 3. g4 d5 4. g5 Ne4 5. Nf3 e6	1
A80	Dutch Defense: Krejcik Gambit (KingBase continuation, n=7)	1. d4 f5 2. g4 fxg4 3. h3 d5 4. hxg4 Bxg4 5. Qd3 Nf6	1
A80	Dutch Defense: Krejcik Gambit, Tate Gambit (KingBase continuation, n=1)	1. d4 f5 2. g4 fxg4 3. e4 d5 4. Nc3 dxe4 5. Nge2 Nf6	1
A80	Dutch Defense: Manhattan Gambit, Anti-Classical Line (KingBase continuation, n=2)	1. d4 f5 2. Qd3 e6 3. g4 fxg4 4. h3 g3 5. Qxg3 Nf6	1
A80	Dutch Defense: Manhattan Gambit, Anti-Leningrad (KingBase continuation, n=2)	1. d4 f5 2. Qd3 g6 3. g4 fxg4 4. h3 g3 5. fxg3 d5	1
A80	Dutch Defense: Manhattan Gambit, Anti-Modern (KingBase continuation, n=4)	1. d4 f5 2. Qd3 d6 3. g4 fxg4 4. h3 Nf6 5. hxg4 Bxg4	1
A80	Dutch Defense: Manhattan Gambit, Anti-Stonewall (KingBase continuation, n=8)	1. d4 f5 2. Qd3 d5 3. g4 fxg4 4. h3 g3 5. fxg3 Nf6	1
A80	Dutch Defense: Raphael Variation (KingBase continuation, n=591)	1. d4 f5 2. Nc3 Nf6 3. Bg5 d5 4. Bxf6 exf6 5. e3 Be6	1
A80	Dutch Defense: Spielmann Gambit (KingBase continuation, n=1)	1. d4 f5 2. Nc3 Nf6 3. g4 d5 4. g5 Ne4 5. Nxe4 fxe4	1
A80	Queen's Pawn Game: Veresov Attack, Dutch System (KingBase continuation, n=54)	1. d4 f5 2. Nc3 d5 3. Bf4 c6 4. e3 Nf6 5. Bd3 e6	1
A81	Dutch Defense: Blackburne Variation (KingBase continuation, n=52)	1. d4 f5 2. g3 Nf6 3. Bg2 e6 4. Nh3 Be7 5. O-O O-O	1
A81	Dutch Defense: Leningrad Variation, Carlsbad Variation (KingBase continuation, n=11)	1. d4 f5 2. g3 g6 3. Bg2 Bg7 4. Nh3 Nf6 5. Nf4 d6	1
A82	Dutch Defense: Blackmar's Second Gambit (KingBase continuation, n=29)	1. d4 f5 2. e4 fxe4 3. Nc3 Nf6 4. f3 d5 5. fxe4 dxe4	1
A82	Dutch Defense: Staunton Gambit (KingBase continuation, n=434)	1. d4 f5 2. e4 fxe4 3. Nc3 Nf6 4. Bg5 Nc6 5. d5 Ne5	1
A82	Dutch Defense: Staunton Gambit Accepted (KingBase continuation, n=434)	1. d4 f5 2. e4 fxe4 3. Nc3 Nf6 4. Bg5 Nc6 5. d5 Ne5	1
A82	Dutch Defense: Staunton Gambit, Tartakower Variation (KingBase continuation, n=14)	1. d4 f5 2. e4 fxe4 3. Nc3 Nf6 4. g4 h6 5. f3 d5	1
A82	Rat Defense: Balogh Defense (KingBase continuation, n=4)	1. e4 d6 2. d4 f5 3. Nc3 Nf6 4. Bd3 fxe4 5. Nxe4 Nc6	1
A83	Dutch Defense: Staunton Gambit (KingBase continuation, n=434)	1. d4 f5 2. e4 fxe4 3. Nc3 Nf6 4. Bg5 Nc6 5. d5 Ne5	1
A83	Dutch Defense: Staunton Gambit, Alekhine Variation (KingBase continuation, n=15)	1. d4 f5 2. e4 fxe4 3. Nc3 Nf6 4. Bg5 g6 5. h4 d5	1
A83	Dutch Defense: Staunton Gambit, Chigorin Variation (KingBase continuation, n=43)	1. d4 f5 2. e4 fxe4 3. Nc3 Nf6 4. Bg5 c6 5. Bxf6 exf6	1
A83	Dutch Defense: Staunton Gambit, Lasker Variation (KingBase continuation, n=18)	1. d4 f5 2. e4 fxe4 3. Nc3 Nf6 4. Bg5 g6 5. f3 d5	1
A83	Dutch Defense: Staunton Gambit, Nimzowitsch Variation (KingBase continuation, n=11)	1. d4 f5 2. e4 fxe4 3. Nc3 Nf6 4. Bg5 b6 5. Bxf6 exf6	1
A84	Dutch Defense: Bladel Variation (KingBase continuation, n=1)	1. d4 f5 2. c4 g6 3. Nc3 Nh6 4. f3 Nf7 5. e4 d6	1
A84	Dutch Defense: Rubinstein Variation (KingBase continuation, n=6)	1. d4 f5 2. c4 e6 3. Nc3 Nf6 4. g3 d5 5. Bg2 c6	1
A85	Dutch Defense: Queen's Knight Variation (KingBase continuation, n=206)	1. d4 f5 2. c4 Nf6 3. Nc3 g6 4. g3 Bg7 5. Bg2 O-O	1
A86	Dutch Defense: Leningrad Variation (KingBase continuation, n=228)	1. d4 f5 2. c4 Nf6 3. g3 g6 4. Bg2 Bg7 5. Nf3 O-O	1
A87	Dutch Defense: Leningrad Variation (KingBase continuation, n=228)	1. d4 f5 2. c4 Nf6 3. g3 g6 4. Bg2 Bg7 5. Nf3 O-O	1
A90	Dutch Defense: Classical Variation (KingBase continuation, n=29)	1. d4 f5 2. c4 Nf6 3. g3 e6 4. Bg2 d5 5. Nf3 c6	1
A91	Dutch Defense: Classical Variation, Blackburne Attack (KingBase continuation, n=2)	1. d4 f5 2. c4 Nf6 3. g3 e6 4. Bg2 Be7 5. Nh3 O-O	1
B00	Barnes Defense (KingBase continuation, n=1)	1. e4 f6 2. d4 b6 3. Nc3 e6 4. Nf3 Bb7 5. Bd3 Qc8	1
B00	Borg Defense (KingBase continuation, n=3)	1. e4 g5 2. d4 Bg7 3. Nc3 c5 4. dxc5 Qa5 5. Bxg5 Bxc3+	1
B00	Borg Defense: Borg Gambit (KingBase continuation, n=3)	1. e4 g5 2. d4 Bg7 3. Nc3 c5 4. dxc5 Qa5 5. Bxg5 Bxc3+	1
B00	Borg Defense: Troon Gambit (KingBase continuation, n=1)	1. e4 g5 2. d4 h6 3. h4 g4 4. Qxg4 d5 5. Qf4 dxe4	1
B00	Carr Defense (KingBase continuation, n=1)	1. e4 h6 2. d4 a6 3. Nc3 e6 4. d5 b5 5. Nf3 Bb7	1
B00	Duras Gambit (KingBase continuation, n=1)	1. e4 f5 2. Nf3 Nf6 3. g3 d6 4. d4 g6 5. Bg2 Bg7	1
B00	Goldsmith Defense (KingBase continuation, n=1)	1. e4 h5 2. d4 h4 3. Nc3 b6 4. Bg5 Bb7 5. Bc4 Qc8	1
B00	Hippopotamus Defense (KingBase continuation, n=1)	1. e4 Nh6 2. d4 g6 3. Nc3 Bg7 4. f3 O-O 5. Be3 f5	1
B00	Lemming Defense (KingBase continuation, n=2)	1. e4 Na6 2. g3 d5 3. Nc3 d4 4. Nce2 d3 5. cxd3 Nc5	1
B00	Lion Defense: Lion's Jaw (KingBase continuation, n=123)	1. e4 d6 2. d4 Nf6 3. f3 e5 4. dxe5 dxe5 5. Qxd8+ Kxd8	1
B00	Nimzowitsch Defense (KingBase continuation, n=53)	1. e4 Nc6 2. d4 d5 3. Nc3 dxe4 4. d5 Ne5 5. Qd4 Ng6	1
B00	Nimzowitsch Defense: Breyer Variation (KingBase continuation, n=5)	1. e4 Nc6 2. Nc3 Nf6 3. d4 e5 4. dxe5 Nxe5 5. f4 Ng6	1
B00	Nimzowitsch Defense: Colorado Countergambit (KingBase continuation, n=36)	1. e4 Nc6 2. Nf3 f5 3. exf5 d5 4. Bb5 Bxf5 5. Ne5 Qd6	1
B00	Nimzowitsch Defense: Colorado Countergambit Accepted (KingBase continuation, n=36)	1. e4 Nc6 2. Nf3 f5 3. exf5 d5 4. Bb5 Bxf5 5. Ne5 Qd6	1
B00	Nimzowitsch Defense: Franco-Nimzowitsch Variation (KingBase continuation, n=21)	1. e4 Nc6 2. Nf3 e6 3. d4 d5 4. Nbd2 Nf6 5. e5 Nd7	1
B00	Nimzowitsch Defense: French Connection (KingBase continuation, n=19)	1. e4 Nc6 2. Nc3 e6 3. d4 Bb4 4. a3 Bxc3+ 5. bxc3 d6	1
B00	Nimzowitsch Defense: Kennedy Variation (KingBase continuation, n=33)	1. e4 Nc6 2. d4 e5 3. dxe5 Nxe5 4. Nf3 Nxf3+ 5. Qxf3 Qf6	1
B00	Nimzowitsch Defense: Kennedy Variation, Herford Gambit (KingBase continuation, n=1)	1. e4 Nc6 2. d4 e5 3. dxe5 Qh4 4. Nc3 Bb4 5. Bd2 Nxe5	1
B00	Nimzowitsch Defense: Kennedy Variation, Keres Attack (KingBase continuation, n=10)	1. e4 Nc6 2. d4 e5 3. dxe5 Nxe5 4. Nc3 Bc5 5. Bf4 Ng6	1
B00	Nimzowitsch Defense: Kennedy Variation, Linksspringer Variation (KingBase continuation, n=26)	1. e4 Nc6 2. d4 e5 3. d5 Nce7 4. Nf3 Ng6 5. h4 h5	1
B00	Nimzowitsch Defense: Kennedy Variation, Main Line (KingBase continuation, n=7)	1. e4 Nc6 2. d4 e5 3. dxe5 Nxe5 4. f4 Ng6 5. Nf3 Bc5	1
B00	Nimzowitsch Defense: Kennedy Variation, Paulsen Attack (KingBase continuation, n=33)	1. e4 Nc6 2. d4 e5 3. dxe5 Nxe5 4. Nf3 Nxf3+ 5. Qxf3 Qf6	1
B00	Nimzowitsch Defense: Kennedy Variation, Riemann Defense (KingBase continuation, n=7)	1. e4 Nc6 2. d4 e5 3. dxe5 Nxe5 4. f4 Nc6 5. Bc4 Bb4+	1
B00	Nimzowitsch Defense: Mikenas Variation (KingBase continuation, n=10)	1. e4 Nc6 2. d4 d6 3. Nf3 Nf6 4. Nc3 Bg4 5. Be3 e5	1
B00	Nimzowitsch Defense: Pirc Connection (KingBase continuation, n=2)	1. e4 Nc6 2. Nc3 g6 3. d4 Bg7 4. d5 Nb8 5. Be3 c6	1
B00	Nimzowitsch Defense: Pseudo-Spanish Variation (KingBase continuation, n=2)	1. e4 Nc6 2. Bb5 d5 3. Nc3 dxe4 4. Bxc6+ bxc6 5. Nxe4 Qd5	1
B00	Nimzowitsch Defense: Scandinavian Variation (KingBase continuation, n=53)	1. e4 Nc6 2. d4 d5 3. Nc3 dxe4 4. d5 Ne5 5. Qd4 Ng6	1
B00	Nimzowitsch Defense: Scandinavian Variation, Advance Variation (KingBase continuation, n=23)	1. e4 Nc6 2. d4 d5 3. e5 Bf5 4. c3 e6 5. Bd3 Nge7	1
B00	Nimzowitsch Defense: Scandinavian Variation, Bogoljubow Variation (KingBase continuation, n=53)	1. e4 Nc6 2. d4 d5 3. Nc3 dxe4 4. d5 Ne5 5. Qd4 Ng6	1
B00	Nimzowitsch Defense: Scandinavian Variation, Bogoljubow Variation (KingBase continuation, n=53)	1. e4 Nc6 2. d4 d5 3. Nc3 dxe4 4. d5 Ne5 5. Qd4 Ng6	1
B00	Nimzowitsch Defense: Scandinavian Variation, Bogoljubow Variation, Brandics Gambit (KingBase continuation, n=2)	1. e4 Nc6 2. d4 d5 3. Nc3 a6 4. exd5 Nb4 5. a3 Nxd5	1
B00	Nimzowitsch Defense: Scandinavian Variation, Bogoljubow Variation, Erben Gambit (KingBase continuation, n=1)	1. e4 Nc6 2. d4 d5 3. Nc3 g6 4. exd5 Nb4 5. a3 Nxd5	1
B00	Nimzowitsch Defense: Scandinavian Variation, Bogoljubow Variation, Heinola-Deppe Gambit (KingBase continuation, n=15)	1. e4 Nc6 2. d4 d5 3. Nc3 e5 4. dxe5 d4 5. Nd5 f5	1
B00	Nimzowitsch Defense: Scandinavian Variation, Bogoljubow Variation, Nimzowitsch Gambit (KingBase continuation, n=53)	1. e4 Nc6 2. d4 d5 3. Nc3 dxe4 4. d5 Ne5 5. Qd4 Ng6	1
B00	Nimzowitsch Defense: Scandinavian Variation, Bogoljubow Variation, Richter Gambit (KingBase continuation, n=1)	1. e4 Nc6 2. d4 d5 3. Nc3 dxe4 4. d5 Nb8 5. f3 e5	1
B00	Nimzowitsch Defense: Scandinavian Variation, Bogoljubow Variation, Vehre Variation (KingBase continuation, n=18)	1. e4 Nc6 2. d4 d5 3. Nc3 Nf6 4. e5 Nd7 5. f4 Nb6	1
B00	Nimzowitsch Defense: Scandinavian Variation, Exchange Variation (KingBase continuation, n=37)	1. e4 Nc6 2. d4 d5 3. exd5 Qxd5 4. Nf3 Bg4 5. Be2 O-O-O	1
B00	Nimzowitsch Defense: Scandinavian Variation, Exchange Variation, Marshall Gambit (KingBase continuation, n=1)	1. e4 Nc6 2. d4 d5 3. exd5 Qxd5 4. Nc3 Qxd4 5. Qe2 e6	1
B00	Nimzowitsch Defense: Williams Variation (KingBase continuation, n=179)	1. e4 Nc6 2. Nf3 d6 3. d4 Nf6 4. Nc3 Bg4 5. Be3 e6	1
B00	Owen Defense: Naselwaus Gambit (KingBase continuation, n=1)	1. e4 b6 2. d4 Bb7 3. Bg5 h6 4. Bh4 Bxe4 5. d5 g5	1
B00	Owen Defense: Smith Gambit (KingBase continuation, n=1)	1. e4 b6 2. d4 Bb7 3. Nf3 e6 4. Bd3 Nf6 5. Nc3 Bb4	1
B00	Owen Defense: Wind Gambit (KingBase continuation, n=1)	1. e4 b6 2. d4 Bb7 3. f3 e5 4. dxe5 Bc5 5. Bf4 Nc6	1
B00	Pirc Defense: Roscher Gambit (KingBase continuation, n=3)	1. e4 d6 2. d4 Nf6 3. Nf3 Nxe4 4. Bd3 Nf6 5. c4 g6	1
B00	Rat Defense: Antal Defense (KingBase continuation, n=9)	1. e4 d6 2. d4 Nd7 3. Nc3 e5 4. Nf3 Ngf6 5. Bc4 Be7	1
B00	Rat Defense: Fuller Gambit (KingBase continuation, n=2)	1. e4 d6 2. f4 d5 3. exd5 Nf6 4. d4 Nxd5 5. c4 Nb6	1
B00	Rat Defense: Harmonist (KingBase continuation, n=7)	1. e4 d6 2. f4 Nf6 3. Nc3 d5 4. e5 d4 5. Nce2 Nd5	1
B00	Rat Defense: Petruccioli Attack (KingBase continuation, n=1)	1. e4 d6 2. h4 Nf6 3. Nc3 c5 4. d3 Nc6 5. h5 h6	1
B00	St. George Defense: Polish Variation (KingBase continuation, n=22)	1. e4 a6 2. d4 b5 3. Nf3 Bb7 4. Bd3 e6 5. O-O c5	1
B00	Van Geet Opening: Berlin Gambit (KingBase continuation, n=53)	1. e4 Nc6 2. d4 d5 3. Nc3 dxe4 4. d5 Ne5 5. Qd4 Ng6	1
B00	Ware Defense (KingBase continuation, n=1)	1. e4 a5 2. d4 a4 3. Nf3 e6 4. Bd3 Nf6 5. O-O d5	1
B01	Scandinavian Defense: Blackburne Gambit (KingBase continuation, n=7)	1. e4 d5 2. exd5 c6 3. dxc6 Nxc6 4. Nf3 e5 5. Bb5 Bd6	1
B01	Scandinavian Defense: Blackburne-Kloosterboer Gambit (KingBase continuation, n=7)	1. e4 d5 2. exd5 c6 3. dxc6 Nxc6 4. Nf3 e5 5. Bb5 Bd6	1
B01	Scandinavian Defense: Icelandic-Palme Gambit (KingBase continuation, n=73)	1. e4 d5 2. exd5 Nf6 3. c4 e6 4. dxe6 Bxe6 5. d4 Bb4+	1
B01	Scandinavian Defense: Kiel Variation (KingBase continuation, n=20)	1. e4 d5 2. exd5 Nf6 3. d4 Nxd5 4. c4 Nb4 5. a3 N4c6	1
B01	Scandinavian Defense: Kloosterboer Gambit (KingBase continuation, n=1)	1. e4 d5 2. exd5 c6 3. dxc6 e5 4. cxb7 Bxb7 5. Bb5+ Nc6	1
B01	Scandinavian Defense: Main Line, Leonhardt Gambit (KingBase continuation, n=30)	1. e4 d5 2. exd5 Qxd5 3. Nc3 Qa5 4. b4 Qxb4 5. Rb1 Qd6	1
B01	Scandinavian Defense: Marshall Variation (KingBase continuation, n=331)	1. e4 d5 2. exd5 Nf6 3. d4 Nxd5 4. c4 Nb6 5. Nf3 g6	1
B01	Scandinavian Defense: Modern Variation, Gipslis Variation (KingBase continuation, n=189)	1. e4 d5 2. exd5 Nf6 3. d4 Nxd5 4. Nf3 Bg4 5. Be2 e6	1
B01	Scandinavian Defense: Modern Variation, Wing Gambit (KingBase continuation, n=4)	1. e4 d5 2. exd5 Nf6 3. d4 g6 4. c4 b5 5. cxb5 Bg7	1
B01	Scandinavian Defense: Panov Transfer (KingBase continuation, n=132)	1. e4 d5 2. exd5 Nf6 3. c4 c6 4. d4 cxd5 5. Nc3 e6	1
B01	Scandinavian Defense: Portuguese Gambit, Banker Variation (KingBase continuation, n=90)	1. e4 d5 2. exd5 Nf6 3. d4 Bg4 4. f3 Bf5 5. c4 e6	1
B01	Scandinavian Defense: Portuguese Gambit, Classical Variation (KingBase continuation, n=252)	1. e4 d5 2. exd5 Nf6 3. d4 Bg4 4. Nf3 Qxd5 5. Be2 Nc6	1
B01	Scandinavian Defense: Portuguese Gambit, Correspondence Refutation (KingBase continuation, n=24)	1. e4 d5 2. exd5 Nf6 3. d4 Bg4 4. f3 Bf5 5. g4 Bg6	1
B01	Scandinavian Defense: Portuguese Gambit, Elbow Variation (KingBase continuation, n=9)	1. e4 d5 2. exd5 Nf6 3. d4 Bg4 4. Bb5+ c6 5. dxc6 Qa5+	1
B01	Scandinavian Defense: Portuguese Gambit, Lusophobe Variation (KingBase continuation, n=53)	1. e4 d5 2. exd5 Nf6 3. d4 Bg4 4. Bb5+ Nbd7 5. Be2 Bxe2	1
B01	Scandinavian Defense: Portuguese Gambit, Wuss Variation (KingBase continuation, n=280)	1. e4 d5 2. exd5 Nf6 3. d4 Bg4 4. Be2 Bxe2 5. Qxe2 Qxd5	1
B01	Scandinavian Defense: Richter Variation (KingBase continuation, n=264)	1. e4 d5 2. exd5 Nf6 3. d4 Nxd5 4. Nf3 g6 5. c4 Nb6	1
B01	Scandinavian Defense: Richter Variation (KingBase continuation, n=4)	1. e4 d5 2. exd5 Nf6 3. d4 g6 4. c4 b5 5. cxb5 Bg7	1
B01	Scandinavian Defense: Schiller-Pytel Variation (KingBase continuation, n=149)	1. e4 d5 2. exd5 Qxd5 3. Nc3 Qd6 4. d4 c6 5. Nf3 Bg4	1
B01	Van Geet Opening: Grünfeld Defense (KingBase continuation, n=2)	1. e4 d5 2. Nc3 dxe4 3. Nxe4 e5 4. Nf3 f5 5. Nc3 e4	1
B02	Alekhine Defense: Brooklyn Variation (KingBase continuation, n=19)	1. e4 Nf6 2. e5 Ng8 3. d4 d6 4. Nf3 dxe5 5. Nxe5 Nd7	1
B02	Alekhine Defense: Buckley Attack (KingBase continuation, n=1)	1. e4 Nf6 2. e5 Nd5 3. Na3 d6 4. Nc4 Nc6 5. d4 Bf5	1
B02	Alekhine Defense: Kmoch Variation (KingBase continuation, n=9)	1. e4 Nf6 2. e5 Nd5 3. Bc4 Nb6 4. Bb3 c5 5. d3 Nc6	1
B02	Alekhine Defense: Krejcik Variation (KingBase continuation, n=11)	1. e4 Nf6 2. Bc4 Nxe4 3. Bxf7+ Kxf7 4. Qh5+ Kg8 5. Qd5+ e6	1
B02	Alekhine Defense: Krejcik Variation, Krejcik Gambit (KingBase continuation, n=11)	1. e4 Nf6 2. Bc4 Nxe4 3. Bxf7+ Kxf7 4. Qh5+ Kg8 5. Qd5+ e6	1
B02	Alekhine Defense: Maróczy Variation (KingBase continuation, n=15)	1. e4 Nf6 2. d3 d5 3. Nd2 e5 4. Ngf3 Nc6 5. Be2 Bc5	1
B02	Alekhine Defense: Mokele Mbembe (KingBase continuation, n=3)	1. e4 Nf6 2. e5 Ne4 3. d3 Nc5 4. d4 Ne6 5. f4 g6	1
B02	Alekhine Defense: Mokele Mbembe, Modern Line (KingBase continuation, n=1)	1. e4 Nf6 2. e5 Ne4 3. d4 f6 4. Bd3 d5 5. Nc3 Bf5	1
B02	Alekhine Defense: Mokele Mbembe, Vavra Defense (KingBase continuation, n=1)	1. e4 Nf6 2. e5 Ne4 3. d4 e6 4. Bd3 d5 5. Nh3 c5	1
B02	Alekhine Defense: Scandinavian Variation (KingBase continuation, n=174)	1. e4 Nf6 2. Nc3 d5 3. e5 d4 4. exf6 dxc3 5. fxg7 cxd2+	1
B02	Alekhine Defense: Scandinavian Variation, Geschev Gambit (KingBase continuation, n=1)	1. e4 Nf6 2. Nc3 d5 3. exd5 c6 4. Nf3 cxd5 5. Bb5+ Bd7	1
B02	Alekhine Defense: Spielmann Gambit (KingBase continuation, n=42)	1. e4 Nf6 2. Nc3 d5 3. e5 Nfd7 4. e6 fxe6 5. d4 c5	1
B02	Alekhine Defense: Steiner Variation (KingBase continuation, n=10)	1. e4 Nf6 2. e5 Nd5 3. c4 Nb6 4. b3 d6 5. exd6 cxd6	1
B02	Alekhine Defense: Sämisch Attack (KingBase continuation, n=45)	1. e4 Nf6 2. e5 Nd5 3. Nc3 Nxc3 4. bxc3 d5 5. d4 c5	1
B02	Alekhine Defense: Two Pawns Attack, Tate Variation (KingBase continuation, n=13)	1. e4 Nf6 2. e5 Nd5 3. c4 Nb6 4. a4 d6 5. a5 N6d7	1
B02	Alekhine Defense: Welling Variation (KingBase continuation, n=1)	1. e4 Nf6 2. e5 Nd5 3. b3 d6 4. Nf3 Bg4 5. Be2 Nc6	1
B03	Alekhine Defense: Balogh Variation (KingBase continuation, n=102)	1. e4 Nf6 2. e5 Nd5 3. d4 d6 4. Bc4 Nb6 5. Bb3 dxe5	1
B03	Alekhine Defense: O'Sullivan Gambit (KingBase continuation, n=1)	1. e4 Nf6 2. e5 Nd5 3. d4 b5 4. Bxb5 c5 5. c3 cxd4	1
B04	Alekhine Defense: Modern Variation, Larsen Variation (KingBase continuation, n=1283)	1. e4 Nf6 2. e5 Nd5 3. d4 d6 4. Nf3 dxe5 5. Nxe5 c6	1
B04	Alekhine Defense: Modern Variation, Larsen-Haakert Variation (KingBase continuation, n=191)	1. e4 Nf6 2. e5 Nd5 3. d4 d6 4. Nf3 Nc6 5. c4 Nb6	1
B04	Alekhine Defense: Modern Variation, Schmid Variation (KingBase continuation, n=184)	1. e4 Nf6 2. e5 Nd5 3. d4 d6 4. Nf3 Nb6 5. a4 a5	1
B05	Alekhine Defense: Modern Variation, Panov Variation (KingBase continuation, n=35)	1. e4 Nf6 2. e5 Nd5 3. d4 d6 4. Nf3 Bg4 5. h3 Bxf3	1
B06	Modern Defense: Anti-Modern (KingBase continuation, n=9)	1. e4 g6 2. d4 Bg7 3. Nc3 c6 4. Bc4 d6 5. Qe2 Nf6	1
B06	Modern Defense: Bishop Attack (KingBase continuation, n=8)	1. e4 g6 2. d4 Bg7 3. Bc4 d6 4. Nf3 Nf6 5. Qe2 O-O	1
B06	Modern Defense: Bishop Attack, Bücker Gambit (KingBase continuation, n=1)	1. e4 g6 2. d4 Bg7 3. Bc4 b5 4. Bxb5 c5 5. Nf3 Qb6	1
B06	Modern Defense: Bishop Attack, Monkey's Bum (KingBase continuation, n=3)	1. e4 g6 2. Bc4 Bg7 3. Qf3 e6 4. d4 Bxd4 5. Ne2 Bg7	1
B06	Modern Defense: Lizard Defense, Mittenberger Gambit (KingBase continuation, n=152)	1. e4 g6 2. d4 Bg7 3. Nc3 d5 4. exd5 Nf6 5. Bc4 Nbd7	1
B06	Modern Defense: Mongredien Defense, with Nc3 (KingBase continuation, n=9)	1. e4 g6 2. d4 Bg7 3. Nc3 b6 4. Nf3 Bb7 5. Bc4 e6	1
B06	Modern Defense: Mongredien Defense, with Nf3 (KingBase continuation, n=3)	1. e4 g6 2. d4 Bg7 3. Nf3 b6 4. c4 Bb7 5. Nc3 d6	1
B06	Modern Defense: Norwegian Defense (KingBase continuation, n=18)	1. e4 g6 2. d4 Nf6 3. e5 Nh5 4. Be2 d6 5. Nf3 Nc6	1
B06	Modern Defense: Norwegian Defense, Norwegian Gambit (KingBase continuation, n=18)	1. e4 g6 2. d4 Nf6 3. e5 Nh5 4. Be2 d6 5. Nf3 Nc6	1
B06	Modern Defense: Pseudo-Austrian Attack (KingBase continuation, n=768)	1. e4 g6 2. d4 Bg7 3. Nc3 d6 4. f4 Nf6 5. Nf3 O-O	1
B06	Modern Defense: Three Pawns Attack (KingBase continuation, n=22)	1. e4 g6 2. d4 Bg7 3. f4 d6 4. Nf3 Nf6 5. Nc3 O-O	1
B06	Modern Defense: Two Knights Variation, Suttles Variation (KingBase continuation, n=173)	1. e4 g6 2. d4 Bg7 3. Nc3 c6 4. Nf3 d6 5. Be3 Nf6	1
B06	Pterodactyl Defense: Austrian, Pteranodon (KingBase continuation, n=2)	1. e4 g6 2. d4 Bg7 3. f4 c5 4. c3 Qa5 5. Nd2 cxd4	1
B06	Pterodactyl Defense: Eastern, Anhanguera (KingBase continuation, n=16)	1. e4 g6 2. d4 Bg7 3. Nc3 c5 4. Be3 cxd4 5. Bxd4 Nf6	1
B06	Pterodactyl Defense: Eastern, Benoni (KingBase continuation, n=31)	1. d4 g6 2. e4 Bg7 3. Nc3 c5 4. d5 d6 5. Nf3 Nf6	1
B06	Pterodactyl Defense: Eastern, Rhamphorhynchus (KingBase continuation, n=81)	1. e4 g6 2. d4 Bg7 3. Nc3 c5 4. dxc5 Qa5 5. Bd2 Qxc5	1
B06	Pterodactyl Defense: Fianchetto, Rhamphorhynchus (KingBase continuation, n=8)	1. e4 g6 2. d4 Bg7 3. g3 c5 4. dxc5 Qa5+ 5. c3 Qxc5	1
B06	Pterodactyl Defense: Sicilian, Siroccopteryx (KingBase continuation, n=1)	1. e4 g6 2. d4 Bg7 3. Nc3 c5 4. Nf3 Qa5 5. Bc4 cxd4	1
B06	Rat Defense: Accelerated Gurgenidze (KingBase continuation, n=68)	1. e4 g6 2. d4 d6 3. Nc3 c6 4. f4 d5 5. e5 h5	1
B07	Czech Defense (KingBase continuation, n=743)	1. e4 d6 2. d4 Nf6 3. Nc3 c6 4. f4 Qa5 5. Bd3 e5	1
B07	King's Pawn Game: Maróczy Defense (KingBase continuation, n=81)	1. e4 d6 2. d4 e5 3. Nf3 exd4 4. Nxd4 Nf6 5. Nc3 Be7	1
B07	Lion Defense: Bayonet Attack (KingBase continuation, n=95)	1. e4 d6 2. d4 Nf6 3. Nc3 Nbd7 4. g4 h6 5. h3 e5	1
B07	Modern Defense: Geller's System (KingBase continuation, n=340)	1. e4 g6 2. d4 Bg7 3. Nf3 d6 4. c3 Nf6 5. Bd3 O-O	1
B07	Pirc Defense: 150 Attack, Sveshnikov-Jansa Attack (KingBase continuation, n=237)	1. e4 d6 2. d4 Nf6 3. Nc3 g6 4. Be3 c6 5. h3 Nbd7	1
B07	Pirc Defense: Bayonet Attack (KingBase continuation, n=73)	1. e4 d6 2. d4 Nf6 3. Nc3 g6 4. Be2 Bg7 5. h4 h5	1
B07	Pirc Defense: Byrne Variation (KingBase continuation, n=379)	1. e4 d6 2. d4 Nf6 3. Nc3 g6 4. Bg5 Bg7 5. Qd2 h6	1
B07	Pirc Defense: Chinese Variation (KingBase continuation, n=15)	1. e4 d6 2. d4 Nf6 3. Nc3 g6 4. Be2 Bg7 5. g4 c5	1
B07	Pirc Defense: Kholmov System (KingBase continuation, n=68)	1. e4 d6 2. d4 Nf6 3. Nc3 g6 4. Bc4 Bg7 5. Qe2 Nc6	1
B07	Pirc Defense: Sveshnikov System (KingBase continuation, n=1011)	1. e4 d6 2. d4 Nf6 3. Nc3 g6 4. g3 Bg7 5. Bg2 O-O	1
B08	Pirc Defense: Classical Variation, Schlechter Variation (KingBase continuation, n=420)	1. e4 d6 2. d4 Nf6 3. Nc3 g6 4. Nf3 Bg7 5. h3 O-O	1
B09	Pirc Defense: Austrian Attack, Ljubojevic Variation (KingBase continuation, n=2)	1. e4 d6 2. d4 Nf6 3. Nc3 g6 4. f4 Bg7 5. Bc4 d5	1
B10	Caro-Kann Defense (KingBase continuation, n=1347)	1. e4 c6 2. Nc3 d5 3. Nf3 Bg4 4. h3 Bxf3 5. Qxf3 e6	1
B10	Caro-Kann Defense (KingBase continuation, n=1347)	1. e4 c6 2. Nc3 d5 3. Nf3 Bg4 4. h3 Bxf3 5. Qxf3 e6	1
B10	Caro-Kann Defense: Accelerated Panov Attack (KingBase continuation, n=793)	1. e4 c6 2. c4 d5 3. exd5 cxd5 4. cxd5 Nf6 5. Nc3 Nxd5	1
B10	Caro-Kann Defense: Accelerated Panov Attack (KingBase continuation, n=793)	1. e4 c6 2. c4 d5 3. exd5 cxd5 4. cxd5 Nf6 5. Nc3 Nxd5	1
B10	Caro-Kann Defense: Accelerated Panov Attack, Modern Variation (KingBase continuation, n=793)	1. e4 c6 2. c4 d5 3. exd5 cxd5 4. cxd5 Nf6 5. Nc3 Nxd5	1
B10	Caro-Kann Defense: Accelerated Panov Attack, Open Variation (KingBase continuation, n=186)	1. e4 c6 2. c4 e5 3. Nf3 d6 4. d4 Nd7 5. Nc3 Ngf6	1
B10	Caro-Kann Defense: Apocalypse Attack (KingBase continuation, n=95)	1. e4 c6 2. Nf3 d5 3. exd5 cxd5 4. Ne5 Nf6 5. d4 g6	1
B10	Caro-Kann Defense: Dinic Gambit (KingBase continuation, n=2)	1. e4 c6 2. Nf3 d5 3. d3 dxe4 4. Ng5 exd3 5. Bxd3 Nf6	1
B10	Caro-Kann Defense: Endgame Offer (KingBase continuation, n=7)	1. e4 c6 2. Nf3 d5 3. d3 dxe4 4. dxe4 Qxd1+ 5. Kxd1 Bg4	1
B10	Caro-Kann Defense: Endgame Variation (KingBase continuation, n=7)	1. e4 c6 2. Nf3 d5 3. d3 dxe4 4. dxe4 Qxd1+ 5. Kxd1 Bg4	1
B10	Caro-Kann Defense: Euwe Attack (KingBase continuation, n=14)	1. e4 c6 2. b3 d5 3. Bb2 dxe4 4. Nc3 Nf6 5. Nge2 Bf5	1
B10	Caro-Kann Defense: Goldman Variation (KingBase continuation, n=46)	1. e4 c6 2. Nc3 d5 3. Qf3 dxe4 4. Nxe4 Nd7 5. d4 Ndf6	1
B10	Caro-Kann Defense: Hector Gambit (KingBase continuation, n=5)	1. e4 c6 2. Nc3 d5 3. Nf3 dxe4 4. Ng5 Nf6 5. Bc4 e6	1
B10	Caro-Kann Defense: Hillbilly Attack (KingBase continuation, n=8)	1. e4 c6 2. Bc4 d5 3. Bb3 dxe4 4. Qh5 g6 5. Qh4 Nf6	1
B10	Caro-Kann Defense: Hillbilly Attack, Schaeffer Gambit (KingBase continuation, n=8)	1. e4 c6 2. Bc4 d5 3. Bb3 dxe4 4. Qh5 g6 5. Qh4 Nf6	1
B10	Caro-Kann Defense: Toikkanen Gambit (KingBase continuation, n=1)	1. e4 c6 2. c4 d5 3. e5 dxc4 4. Bxc4 Qd4 5. Qe2 Bg4	1
B10	Caro-Kann Defense: Two Knights Attack (KingBase continuation, n=1347)	1. e4 c6 2. Nc3 d5 3. Nf3 Bg4 4. h3 Bxf3 5. Qxf3 e6	1
B11	Caro-Kann Defense: Two Knights Attack, Mindeno Variation (KingBase continuation, n=1347)	1. e4 c6 2. Nc3 d5 3. Nf3 Bg4 4. h3 Bxf3 5. Qxf3 e6	1
B11	Caro-Kann Defense: Two Knights Attack, Mindeno Variation, Exchange Line (KingBase continuation, n=1347)	1. e4 c6 2. Nc3 d5 3. Nf3 Bg4 4. h3 Bxf3 5. Qxf3 e6	1
B11	Caro-Kann Defense: Two Knights Attack, Mindeno Variation, Retreat Line (KingBase continuation, n=254)	1. e4 c6 2. Nc3 d5 3. Nf3 Bg4 4. h3 Bh5 5. exd5 cxd5	1
B12	Caro-Kann Defense: Advance Variation, Bayonet Attack (KingBase continuation, n=75)	1. e4 c6 2. d4 d5 3. e5 Bf5 4. g4 Be4 5. f3 Bg6	1
B12	Caro-Kann Defense: Advance Variation, Botvinnik-Carls Defense (KingBase continuation, n=491)	1. e4 c6 2. d4 d5 3. e5 c5 4. dxc5 Nc6 5. Bb5 e6	1
B12	Caro-Kann Defense: Advance Variation, Bronstein Variation (KingBase continuation, n=195)	1. e4 c6 2. d4 d5 3. e5 Bf5 4. Ne2 e6 5. Ng3 Bg6	1
B12	Caro-Kann Defense: Advance Variation, Short Variation (KingBase continuation, n=2402)	1. e4 c6 2. d4 d5 3. e5 Bf5 4. Nf3 e6 5. Be2 Nd7	1
B12	Caro-Kann Defense: Advance Variation, Tal Variation (KingBase continuation, n=668)	1. e4 c6 2. d4 d5 3. e5 Bf5 4. h4 h5 5. c4 e6	1
B12	Caro-Kann Defense: Advance Variation, Van der Wiel Attack, Dreyev Defense (KingBase continuation, n=104)	1. e4 c6 2. d4 d5 3. e5 Bf5 4. Nc3 Qb6 5. Nf3 e6	1
B12	Caro-Kann Defense: Advance, Short Variation (KingBase continuation, n=10)	1. e4 c6 2. d4 d5 3. e5 Bf5 4. c3 e6 5. Be2 c5	1
B12	Caro-Kann Defense: De Bruycker Defense (KingBase continuation, n=5)	1. e4 c6 2. d4 Na6 3. c3 Nc7 4. Bd3 g6 5. f4 Bg7	1
B12	Caro-Kann Defense: De Bruycker Defense (KingBase continuation, n=4)	1. e4 c6 2. d4 Na6 3. Nc3 Nc7 4. Nf3 g6 5. Bf4 Bg7	1
B12	Caro-Kann Defense: Edinburgh Variation (KingBase continuation, n=22)	1. e4 c6 2. d4 d5 3. Nd2 Qb6 4. c3 dxe4 5. Nxe4 Bf5	1
B12	Caro-Kann Defense: Masi Variation (KingBase continuation, n=2)	1. e4 c6 2. d4 Nf6 3. Nc3 b5 4. e5 b4 5. exf6 bxc3	1
B12	Caro-Kann Defense: Ulysses Gambit (KingBase continuation, n=1)	1. e4 c6 2. d4 d5 3. Nf3 dxe4 4. Ng5 Nf6 5. Bc4 e6	1
B13	Caro-Kann Defense: Exchange Variation (KingBase continuation, n=38)	1. e4 c6 2. d4 d5 3. exd5 cxd5 4. Bf4 Nc6 5. c3 Nf6	1
B13	Caro-Kann Defense: Exchange Variation (KingBase continuation, n=18)	1. e4 c6 2. d4 d5 3. exd5 cxd5 4. Nf3 Nc6 5. c4 Nf6	1
B13	Caro-Kann Defense: Panov Attack, Gunderam Attack (KingBase continuation, n=10)	1. e4 c6 2. d4 d5 3. exd5 cxd5 4. c4 Nf6 5. c5 g6	1
B15	Caro-Kann Defense: Alekhine Gambit (KingBase continuation, n=7)	1. e4 c6 2. d4 d5 3. Nc3 dxe4 4. Nxe4 Nf6 5. Bd3 Nxe4	1
B15	Caro-Kann Defense: Campomanes Attack (KingBase continuation, n=2)	1. e4 c6 2. d4 d5 3. Nc3 Nf6 4. e5 Nfd7 5. f4 e6	1
B15	Caro-Kann Defense: Gurgenidze Counterattack (KingBase continuation, n=31)	1. e4 c6 2. d4 d5 3. Nc3 b5 4. a3 dxe4 5. Nxe4 Nf6	1
B15	Caro-Kann Defense: Gurgenidze System (KingBase continuation, n=104)	1. e4 c6 2. d4 d5 3. Nc3 g6 4. h3 Bg7 5. Nf3 Nh6	1
B15	Caro-Kann Defense: Rasa-Studier Gambit (KingBase continuation, n=10)	1. e4 c6 2. d4 d5 3. Nc3 dxe4 4. f3 exf3 5. Nxf3 Nf6	1
B15	Caro-Kann Defense: von Hennig Gambit (KingBase continuation, n=7)	1. e4 c6 2. d4 d5 3. Nc3 dxe4 4. Bc4 Nf6 5. f3 exf3	1
B16	Caro-Kann Defense: Finnish Variation (KingBase continuation, n=12)	1. e4 c6 2. d4 d5 3. Nd2 dxe4 4. Nxe4 h6 5. Bc4 Bf5	1
B20	Sicilian Defense: Bowdler Attack (KingBase continuation, n=6)	1. e4 c5 2. Bc4 e6 3. Nc3 a6 4. a4 Nc6 5. d3 Nf6	1
B20	Sicilian Defense: Brick Variation (KingBase continuation, n=2)	1. e4 c5 2. Nh3 d5 3. Bb5+ Nc6 4. Ng5 e6 5. Bxc6+ bxc6	1
B20	Sicilian Defense: Czerniak Attack (KingBase continuation, n=48)	1. e4 c5 2. b3 d6 3. Bb2 Nf6 4. Bb5+ Bd7 5. Bxd7+ Qxd7	1
B20	Sicilian Defense: Czerniak Attack, Queen Fianchetto Variation (KingBase continuation, n=30)	1. e4 c5 2. b3 b6 3. Bb2 Bb7 4. Nc3 e6 5. Nf3 a6	1
B20	Sicilian Defense: Gloria Variation (KingBase continuation, n=1)	1. e4 c5 2. c4 d6 3. Nc3 Nc6 4. g3 h5 5. d3 h4	1
B20	Sicilian Defense: Keres Variation (KingBase continuation, n=99)	1. e4 c5 2. Ne2 d6 3. g3 Nc6 4. Bg2 g6 5. c3 Bg7	1
B20	Sicilian Defense: Kronberger Variation (KingBase continuation, n=10)	1. e4 c5 2. Na3 Nc6 3. Bb5 Qc7 4. Nf3 a6 5. Bxc6 Qxc6	1
B20	Sicilian Defense: Lasker-Dunne Attack (KingBase continuation, n=246)	1. e4 c5 2. g3 d5 3. exd5 Qxd5 4. Nf3 Bg4 5. Bg2 Qe6+	1
B20	Sicilian Defense: Mengarini Variation (KingBase continuation, n=37)	1. e4 c5 2. a3 e6 3. b4 cxb4 4. axb4 Bxb4 5. Bb2 Nf6	1
B20	Sicilian Defense: Myers Attack, with a4 (KingBase continuation, n=1)	1. e4 c5 2. a4 Nc6 3. Bb5 d6 4. f4 Bd7 5. Nf3 a6	1
B20	Sicilian Defense: Myers Attack, with h4 (KingBase continuation, n=1)	1. e4 c5 2. h4 Nc6 3. Rh3 d5 4. exd5 Bxh3 5. gxh3 Qxd5	1
B20	Sicilian Defense: Staunton-Cochrane Variation (KingBase continuation, n=277)	1. e4 c5 2. c4 Nc6 3. Nc3 g6 4. g3 Bg7 5. Bg2 d6	1
B20	Sicilian Defense: Wing Gambit, Abrahams Variation (KingBase continuation, n=12)	1. e4 c5 2. b4 cxb4 3. Bb2 d5 4. exd5 Qxd5 5. d4 Nf6	1
B20	Sicilian Defense: Wing Gambit, Carlsbad Variation (KingBase continuation, n=11)	1. e4 c5 2. b4 cxb4 3. a3 bxa3 4. Nxa3 d6 5. d4 Nf6	1
B20	Sicilian Defense: Wing Gambit, Marienbad Variation (KingBase continuation, n=18)	1. e4 c5 2. b4 cxb4 3. a3 d5 4. exd5 Qxd5 5. Bb2 e5	1
B20	Sicilian Defense: Wing Gambit, Santasiere Variation (KingBase continuation, n=1)	1. e4 c5 2. b4 cxb4 3. c4 bxc3 4. Nxc3 e6 5. Bb2 Nc6	1
B21	Bird Opening: Dutch Variation, Batavo Gambit (KingBase continuation, n=4)	1. e4 c5 2. f4 d5 3. Nf3 dxe4 4. Ng5 Nf6 5. Bc4 Bg4	1
B21	Sicilian Defense: Halasz Gambit (KingBase continuation, n=1)	1. e4 c5 2. d4 cxd4 3. f4 Nc6 4. Bd3 d6 5. a3 g6	1
B21	Sicilian Defense: McDonnell Attack (KingBase continuation, n=153)	1. e4 c5 2. f4 d5 3. exd5 Nf6 4. Bb5+ Bd7 5. Bxd7+ Qxd7	1
B21	Sicilian Defense: McDonnell Attack, Tal Gambit (KingBase continuation, n=153)	1. e4 c5 2. f4 d5 3. exd5 Nf6 4. Bb5+ Bd7 5. Bxd7+ Qxd7	1
B21	Sicilian Defense: McDonnell Attack, Toilet Variation (KingBase continuation, n=20)	1. e4 c5 2. f4 d5 3. Nc3 dxe4 4. Nxe4 e6 5. Nf3 Nc6	1
B21	Sicilian Defense: Morphy Gambit (KingBase continuation, n=22)	1. e4 c5 2. d4 cxd4 3. Nf3 d6 4. Nxd4 Nf6 5. Nc3 a6	1
B21	Sicilian Defense: Morphy Gambit, Andreaschek Gambit (KingBase continuation, n=2)	1. e4 c5 2. d4 cxd4 3. Nf3 e5 4. c3 dxc3 5. Nxc3 Nc6	1
B21	Sicilian Defense: Smith-Morra Gambit Accepted, Danish Variation (KingBase continuation, n=1)	1. e4 c5 2. d4 cxd4 3. c3 dxc3 4. Nf3 Nc6 5. Bc4 b5	1
B21	Sicilian Defense: Smith-Morra Gambit Accepted, Fianchetto Defense (KingBase continuation, n=5)	1. e4 c5 2. d4 cxd4 3. c3 dxc3 4. Nxc3 g6 5. Nf3 Bg7	1
B21	Sicilian Defense: Smith-Morra Gambit Declined, Alapin Formation (KingBase continuation, n=218)	1. e4 c5 2. d4 cxd4 3. c3 Nf6 4. e5 Nd5 5. Nf3 e6	1
B21	Sicilian Defense: Smith-Morra Gambit Declined, Center Formation (KingBase continuation, n=3)	1. e4 c5 2. d4 cxd4 3. c3 e5 4. cxd4 exd4 5. Qxd4 Nc6	1
B21	Sicilian Defense: Smith-Morra Gambit Declined, Dubois Variation (KingBase continuation, n=16)	1. e4 c5 2. d4 cxd4 3. c3 d3 4. c4 Nc6 5. Bxd3 g6	1
B21	Sicilian Defense: Smith-Morra Gambit Declined, Push Variation (KingBase continuation, n=57)	1. e4 c5 2. d4 cxd4 3. c3 d3 4. Bxd3 Nc6 5. c4 g6	1
B21	Sicilian Defense: Smith-Morra Gambit Declined, Scandinavian Formation (KingBase continuation, n=73)	1. e4 c5 2. d4 cxd4 3. c3 d5 4. exd5 Qxd5 5. cxd4 Nc6	1
B21	Sicilian Defense: Smith-Morra Gambit Declined, Wing Formation (KingBase continuation, n=3)	1. e4 c5 2. d4 cxd4 3. c3 Qa5 4. Nf3 Nc6 5. Bc4 Nf6	1
B22	Sicilian Defense: Alapin Variation, Anti-Alapin Gambit (KingBase continuation, n=16)	1. e4 c5 2. c3 d5 3. exd5 Nf6 4. Bb5+ Nbd7 5. c4 a6	1
B22	Sicilian Defense: Alapin Variation, Barmen Defense (KingBase continuation, n=703)	1. e4 c5 2. c3 d5 3. exd5 Qxd5 4. d4 g6 5. Nf3 Bg7	1
B22	Sicilian Defense: Alapin Variation, Smith-Morra Declined (KingBase continuation, n=2777)	1. e4 c5 2. c3 Nf6 3. e5 Nd5 4. d4 cxd4 5. Nf3 Nc6	1
B22	Sicilian Defense: Heidenfeld Variation (KingBase continuation, n=21)	1. e4 c5 2. c3 Nf6 3. e5 Nd5 4. Nf3 Nc6 5. Na3 g6	1
B23	Sicilian Defense: Closed (KingBase continuation, n=426)	1. e4 c5 2. Nc3 e6 3. Nf3 a6 4. d4 cxd4 5. Nxd4 Qc7	1
B23	Sicilian Defense: Closed (KingBase continuation, n=369)	1. e4 c5 2. Nc3 e6 3. g3 Nc6 4. Bg2 g6 5. d3 Bg7	1
B23	Sicilian Defense: Closed, Chameleon Variation (KingBase continuation, n=480)	1. e4 c5 2. Nc3 Nc6 3. Nge2 g6 4. d4 cxd4 5. Nxd4 Bg7	1
B23	Sicilian Defense: Closed, Grob Attack (KingBase continuation, n=3)	1. e4 c5 2. Nc3 Nc6 3. g4 g6 4. Bg2 Bg7 5. d3 d6	1
B23	Sicilian Defense: Closed, Korchnoi Defense (KingBase continuation, n=292)	1. e4 c5 2. Nc3 e6 3. g3 d5 4. exd5 exd5 5. Bg2 Nf6	1
B23	Sicilian Defense: Closed, Portland Attack (KingBase continuation, n=1)	1. e4 c5 2. Nc3 Nc6 3. d3 g6 4. g4 Bg7 5. Nge2 d5	1
B27	Modern Defense: Pterodactyl Variation (KingBase continuation, n=39)	1. e4 c5 2. Nf3 g6 3. d4 Bg7 4. Nc3 Qa5 5. Be3 Nf6	1
B27	Pterodactyl Defense: Sicilian, Anhanguera (KingBase continuation, n=39)	1. e4 c5 2. Nf3 g6 3. d4 Bg7 4. Nc3 Qa5 5. Be3 Nf6	1
B27	Pterodactyl Defense: Sicilian, Benoni Gambit (KingBase continuation, n=2)	1. e4 c5 2. Nf3 g6 3. d4 Bg7 4. Nc3 Qa5 5. d5 b5	1
B27	Pterodactyl Defense: Sicilian, Unpin (KingBase continuation, n=3)	1. e4 c5 2. Nf3 g6 3. d4 Bg7 4. Nc3 Qa5 5. Bd2 cxd4	1
B27	Pterodactyl Defense: Western, Pterodactyl (KingBase continuation, n=4)	1. e4 c5 2. Nf3 g6 3. c3 Bg7 4. d4 Qa5 5. dxc5 Qxc5	1
B27	Sicilian Defense: Acton Extension (KingBase continuation, n=1)	1. e4 c5 2. Nf3 g6 3. c4 Bh6 4. Nc3 Nc6 5. d4 Bxc1	1
B27	Sicilian Defense: Brussels Gambit (KingBase continuation, n=2)	1. e4 c5 2. Nf3 f5 3. exf5 d5 4. Nh4 Nf6 5. Be2 Qd6	1
B27	Sicilian Defense: Bücker Variation (KingBase continuation, n=4)	1. e4 c5 2. Nf3 h6 3. d4 cxd4 4. Nxd4 Nf6 5. Nc3 e5	1
B27	Sicilian Defense: Double-Dutch Gambit (KingBase continuation, n=1)	1. e4 c5 2. Nf3 f5 3. exf5 Nh6 4. d4 Nxf5 5. dxc5 Qa5+	1
B27	Sicilian Defense: Jalalabad Variation (KingBase continuation, n=1)	1. e4 c5 2. Nf3 e5 3. Bc4 Nc6 4. d3 h6 5. Nc3 d6	1
B27	Sicilian Defense: Katalimov Variation (KingBase continuation, n=257)	1. e4 c5 2. Nf3 b6 3. d4 cxd4 4. Nxd4 Bb7 5. Nc3 a6	1
B27	Sicilian Defense: Mongoose Variation (KingBase continuation, n=3)	1. e4 c5 2. Nf3 Qa5 3. g3 g6 4. Bg2 Bg7 5. O-O Nc6	1
B27	Sicilian Defense: Quinteros Variation (KingBase continuation, n=4)	1. e4 c5 2. Nf3 Qc7 3. d4 cxd4 4. Nxd4 Nc6 5. Nc3 e6	1
B28	Sicilian Defense: O'Kelly Variation (KingBase continuation, n=386)	1. e4 c5 2. Nf3 a6 3. d4 cxd4 4. Nxd4 Nf6 5. Nc3 e5	1
B28	Sicilian Defense: O'Kelly Variation, Aronin System (KingBase continuation, n=5)	1. e4 c5 2. Nf3 a6 3. Be2 e6 4. d4 cxd4 5. Nxd4 Nf6	1
B28	Sicilian Defense: O'Kelly Variation, Kieseritzky System (KingBase continuation, n=6)	1. e4 c5 2. Nf3 a6 3. b3 d6 4. d4 cxd4 5. Nxd4 Nf6	1
B28	Sicilian Defense: O'Kelly Variation, Maróczy Bind (KingBase continuation, n=130)	1. e4 c5 2. Nf3 a6 3. c4 d6 4. d4 cxd4 5. Nxd4 Nf6	1
B28	Sicilian Defense: O'Kelly Variation, Maróczy Bind, Paulsen Line (KingBase continuation, n=112)	1. e4 c5 2. Nf3 a6 3. c4 e6 4. d4 cxd4 5. Nxd4 Nf6	1
B28	Sicilian Defense: O'Kelly Variation, Maróczy Bind, Robatsch Line (KingBase continuation, n=130)	1. e4 c5 2. Nf3 a6 3. c4 d6 4. d4 cxd4 5. Nxd4 Nf6	1
B28	Sicilian Defense: O'Kelly Variation, Normal System (KingBase continuation, n=386)	1. e4 c5 2. Nf3 a6 3. d4 cxd4 4. Nxd4 Nf6 5. Nc3 e5	1
B28	Sicilian Defense: O'Kelly Variation, Normal System, Smith-Morra Line (KingBase continuation, n=9)	1. e4 c5 2. Nf3 a6 3. d4 cxd4 4. c3 dxc3 5. Nxc3 e6	1
B28	Sicilian Defense: O'Kelly Variation, Normal System, Taimanov Line (KingBase continuation, n=43)	1. e4 c5 2. Nf3 a6 3. d4 cxd4 4. Nxd4 e5 5. Nb3 Nf6	1
B28	Sicilian Defense: O'Kelly Variation, Normal System, Zagorovsky Line (KingBase continuation, n=1)	1. e4 c5 2. Nf3 a6 3. d4 cxd4 4. Qxd4 Nc6 5. Qe3 d6	1
B28	Sicilian Defense: O'Kelly Variation, Quiet System (KingBase continuation, n=22)	1. e4 c5 2. Nf3 a6 3. d3 Nc6 4. g3 g6 5. Bg2 Bg7	1
B28	Sicilian Defense: O'Kelly Variation, Réti System (KingBase continuation, n=11)	1. e4 c5 2. Nf3 a6 3. g3 Nc6 4. Bg2 g6 5. O-O Bg7	1
B28	Sicilian Defense: O'Kelly Variation, Venice System (KingBase continuation, n=249)	1. e4 c5 2. Nf3 a6 3. c3 d5 4. exd5 Qxd5 5. d4 Nf6	1
B28	Sicilian Defense: O'Kelly Variation, Venice System, Barcza Line (KingBase continuation, n=79)	1. e4 c5 2. Nf3 a6 3. c3 Nf6 4. e5 Nd5 5. d4 cxd4	1
B28	Sicilian Defense: O'Kelly Variation, Venice System, Gambit Line (KingBase continuation, n=46)	1. e4 c5 2. Nf3 a6 3. c3 d5 4. exd5 Nf6 5. d4 cxd4	1
B28	Sicilian Defense: O'Kelly Variation, Venice System, Ljubojevic Line (KingBase continuation, n=12)	1. e4 c5 2. Nf3 a6 3. c3 b5 4. d4 Bb7 5. Bd3 e6	1
B28	Sicilian Defense: O'Kelly Variation, Venice System, Steiner Line (KingBase continuation, n=22)	1. e4 c5 2. Nf3 a6 3. c3 d6 4. d4 Qc7 5. Bd3 g6	1
B28	Sicilian Defense: O'Kelly Variation, Wing Gambit (KingBase continuation, n=4)	1. e4 c5 2. Nf3 a6 3. b4 cxb4 4. d4 d5 5. e5 Bg4	1
B28	Sicilian Defense: O'Kelly Variation, Yerevan System (KingBase continuation, n=148)	1. e4 c5 2. Nf3 a6 3. Nc3 e6 4. d4 cxd4 5. Nxd4 Qc7	1
B29	Sicilian Defense: Nimzowitsch Variation, Exchange Variation (KingBase continuation, n=227)	1. e4 c5 2. Nf3 Nf6 3. e5 Nd5 4. Nc3 Nxc3 5. dxc3 Nc6	1
B30	Sicilian Defense: Nyezhmetdinov-Rossolimo Attack, Brooklyn Retreat Defense (KingBase continuation, n=2)	1. e4 c5 2. Nf3 Nc6 3. Bb5 Nb8 4. Bf1 Nc6 5. Bb5 e6	1
B30	Sicilian Defense: Nyezhmetdinov-Rossolimo Attack, San Francisco Gambit (KingBase continuation, n=2)	1. e4 c5 2. Nf3 Nc6 3. Bb5 Na5 4. b4 a6 5. Be2 cxb4	1
B30	Sicilian Defense: Portsmouth Gambit (KingBase continuation, n=34)	1. e4 c5 2. Nf3 Nc6 3. b4 cxb4 4. d4 d5 5. exd5 Qxd5	1
B32	Sicilian Defense: Flohr Variation (KingBase continuation, n=2519)	1. e4 c5 2. Nf3 Nc6 3. d4 cxd4 4. Nxd4 Qc7 5. Nc3 e6	1
B32	Sicilian Defense: Franco-Sicilian Variation (KingBase continuation, n=1)	1. e4 c5 2. Nf3 Nc6 3. d4 e6 4. d5 Nce7 5. d6 Ng6	1
B32	Sicilian Defense: Godiva Variation (KingBase continuation, n=2782)	1. e4 c5 2. Nf3 Nc6 3. d4 cxd4 4. Nxd4 Qb6 5. Nb3 Nf6	1
B32	Sicilian Defense: Nimzo-American Variation (KingBase continuation, n=95)	1. e4 c5 2. Nf3 Nc6 3. d4 cxd4 4. Nxd4 d5 5. Bb5 dxe4	1
B34	Sicilian Defense: Accelerated Dragon, Exchange Variation (KingBase continuation, n=158)	1. e4 c5 2. Nf3 Nc6 3. d4 cxd4 4. Nxd4 g6 5. Nxc6 bxc6	1
B40	Sicilian Defense: Drazic Variation (KingBase continuation, n=5)	1. e4 c5 2. Nf3 e6 3. d4 a6 4. c3 d5 5. e5 Bd7	1
B40	Sicilian Defense: French Variation, Westerinen Attack (KingBase continuation, n=167)	1. e4 c5 2. Nf3 e6 3. b3 d6 4. Bb2 Nf6 5. e5 dxe5	1
B40	Sicilian Defense: Kramnik Variation (KingBase continuation, n=191)	1. e4 c5 2. Nf3 e6 3. c4 Nc6 4. Nc3 Nf6 5. Be2 d5	1
B40	Sicilian Defense: Kveinis Variation (KingBase continuation, n=418)	1. e4 c5 2. Nf3 e6 3. d4 cxd4 4. Nxd4 Qb6 5. Nb3 Qc7	1
B40	Sicilian Defense: Marshall Counterattack (KingBase continuation, n=12)	1. e4 c5 2. Nf3 e6 3. d4 d5 4. exd5 exd5 5. Bb5+ Nc6	1
B40	Sicilian Defense: Paulsen-Basman Defense (KingBase continuation, n=263)	1. e4 c5 2. Nf3 e6 3. d4 cxd4 4. Nxd4 Bc5 5. Nb3 Bb6	1
B40	Sicilian Defense: Smith-Morra Gambit Deferred (KingBase continuation, n=49)	1. e4 c5 2. Nf3 e6 3. d4 cxd4 4. c3 Nf6 5. e5 Nd5	1
B40	Sicilian Defense: Wing Gambit Deferred (KingBase continuation, n=30)	1. e4 c5 2. Nf3 e6 3. b4 cxb4 4. d4 Nf6 5. Bd3 d5	1
B50	Sicilian Defense: Kopec System (KingBase continuation, n=3)	1. e4 c5 2. Nf3 d6 3. Bd3 g6 4. O-O Bg7 5. Re1 Nc6	1
B50	Sicilian Defense: Modern Variations, Anti-Qxd4 Move Order (KingBase continuation, n=3025)	1. e4 c5 2. Nf3 d6 3. d4 Nf6 4. Nc3 cxd4 5. Nxd4 a6	1
B50	Sicilian Defense: Modern Variations, Anti-Qxd4 Move Order Accepted (KingBase continuation, n=122)	1. e4 c5 2. Nf3 d6 3. d4 Nf6 4. dxc5 Nxe4 5. cxd6 Nc6	1
B50	Sicilian Defense: Modern Variations, Tartakower (KingBase continuation, n=13)	1. e4 c5 2. Nf3 d6 3. d4 cxd4 4. c3 Nf6 5. e5 dxe5	1
B50	Sicilian Defense: Wing Gambit, Deferred Variation (KingBase continuation, n=13)	1. e4 c5 2. Nf3 d6 3. b4 cxb4 4. d4 Nf6 5. Bd3 g6	1
B52	Sicilian Defense: Moscow Variation, Sokolsky Variation (KingBase continuation, n=1362)	1. e4 c5 2. Nf3 d6 3. Bb5+ Bd7 4. Bxd7+ Qxd7 5. c4 Nc6	1
B54	Sicilian Defense: Dragon Variation, Accelerated Dragon (KingBase continuation, n=21)	1. e4 c5 2. Nf3 d6 3. d4 cxd4 4. Nxd4 g6 5. Nc3 Bg7	1
B54	Sicilian Defense: Modern Variations, Ginsberg Gambit (KingBase continuation, n=4)	1. e4 c5 2. Nf3 d6 3. d4 cxd4 4. Nxd4 Nf6 5. Bc4 e6	1
C00	French Defense: Alapin Gambit (KingBase continuation, n=15)	1. e4 e6 2. d4 d5 3. Be3 dxe4 4. Nd2 Nf6 5. f3 Nd5	1
C00	French Defense: Baeuerle Gambit (KingBase continuation, n=3)	1. e4 e6 2. d4 b5 3. Bxb5 Bb7 4. Qe2 f5 5. Nd2 Nf6	1
C00	French Defense: Banzai-Leong Gambit (KingBase continuation, n=1)	1. e4 e6 2. b4 Bxb4 3. c3 Be7 4. d4 d5 5. e5 c5	1
C00	French Defense: Bird Invitation (KingBase continuation, n=1)	1. e4 e6 2. Bb5 a6 3. Ba4 b5 4. Bb3 Bb7 5. d3 c5	1
C00	French Defense: Chigorin Variation (KingBase continuation, n=289)	1. e4 e6 2. Qe2 c5 3. Nf3 Nc6 4. g3 g6 5. Bg2 Bg7	1
C00	French Defense: Diemer-Duhm Gambit (KingBase continuation, n=5)	1. e4 e6 2. d4 d5 3. c4 dxe4 4. Nc3 Nf6 5. f3 exf3	1
C00	French Defense: Diemer-Duhm Gambit Accepted (KingBase continuation, n=5)	1. e4 e6 2. d4 d5 3. c4 dxe4 4. Nc3 Nf6 5. f3 exf3	1
C00	French Defense: Franco-Hiva Gambit (KingBase continuation, n=1)	1. e4 e6 2. d4 f5 3. Nc3 d5 4. exf5 exf5 5. Bd3 Nf6	1
C00	French Defense: Franco-Sicilian Defense (KingBase continuation, n=33)	1. e4 e6 2. d4 c5 3. d5 exd5 4. exd5 d6 5. Nf3 Nf6	1
C00	French Defense: Horwitz Attack (KingBase continuation, n=87)	1. e4 e6 2. b3 d5 3. Bb2 dxe4 4. Nc3 Nf6 5. Qe2 Be7	1
C00	French Defense: Horwitz Attack, Papa-Ticulat Gambit (KingBase continuation, n=87)	1. e4 e6 2. b3 d5 3. Bb2 dxe4 4. Nc3 Nf6 5. Qe2 Be7	1
C00	French Defense: King's Indian Attack, Franco-Hiva Gambit (KingBase continuation, n=2)	1. e4 e6 2. d3 f5 3. Nd2 d5 4. g3 dxe4 5. dxe4 Nf6	1
C00	French Defense: Knight Variation (KingBase continuation, n=893)	1. e4 e6 2. Nf3 d5 3. Nc3 Nf6 4. e5 Nfd7 5. d4 c5	1
C00	French Defense: Knight Variation, Franco-Hiva Gambit (KingBase continuation, n=1)	1. e4 e6 2. Nf3 f5 3. Ne5 Nf6 4. Nc4 c6 5. Nc3 Be7	1
C00	French Defense: La Bourdonnais Variation (KingBase continuation, n=81)	1. e4 e6 2. f4 d5 3. e5 c5 4. Nf3 Nc6 5. c3 Nh6	1
C00	French Defense: Mediterranean Defense (KingBase continuation, n=1)	1. e4 e6 2. d4 Nf6 3. Bg5 h6 4. Bxf6 gxf6 5. Nc3 b6	1
C00	French Defense: Orthoschnapp Gambit (KingBase continuation, n=2)	1. e4 e6 2. c4 d5 3. cxd5 exd5 4. Qb3 dxe4 5. Bc4 Qd7	1
C00	French Defense: Pelikan Variation (KingBase continuation, n=5)	1. e4 e6 2. Nc3 d5 3. f4 dxe4 4. Nxe4 Nd7 5. Nf3 Ngf6	1
C00	French Defense: Perseus Gambit (KingBase continuation, n=2)	1. e4 e6 2. d4 d5 3. Nf3 Bb4+ 4. Nbd2 dxe4 5. a3 Ba5	1
C00	French Defense: Reversed Philidor Formation (KingBase continuation, n=18)	1. e4 e6 2. d3 d5 3. Nd2 Nf6 4. Ngf3 Nc6 5. Be2 Be7	1
C00	French Defense: Réti-Spielmann Attack (KingBase continuation, n=7)	1. e4 e6 2. g3 d5 3. Bg2 Nf6 4. e5 Nfd7 5. d4 c5	1
C00	French Defense: Schlechter Variation (KingBase continuation, n=252)	1. e4 e6 2. d4 d5 3. Bd3 dxe4 4. Bxe4 Nf6 5. Bf3 c5	1
C00	French Defense: St. George Defense, Sanky-George Gambit (KingBase continuation, n=7)	1. e4 e6 2. d4 a6 3. c4 b5 4. cxb5 axb5 5. Bxb5 Bb7	1
C00	French Defense: St. George Defense, St. George Gambit (KingBase continuation, n=7)	1. e4 e6 2. d4 a6 3. c4 b5 4. cxb5 axb5 5. Bxb5 Bb7	1
C00	French Defense: St. George Defense, Three Pawn Attack (KingBase continuation, n=7)	1. e4 e6 2. d4 a6 3. c4 b5 4. cxb5 axb5 5. Bxb5 Bb7	1
C00	French Defense: Steiner Variation (KingBase continuation, n=31)	1. e4 e6 2. c4 d5 3. exd5 exd5 4. cxd5 Nf6 5. Bb5+ Nbd7	1
C00	French Defense: Steinitz Attack (KingBase continuation, n=6)	1. e4 e6 2. e5 d5 3. exd6 Bxd6 4. d4 Nf6 5. Nf3 O-O	1
C00	French Defense: Two Knights Variation (KingBase continuation, n=893)	1. e4 e6 2. Nf3 d5 3. Nc3 Nf6 4. e5 Nfd7 5. d4 c5	1
C00	French Defense: Wing Gambit (KingBase continuation, n=179)	1. e4 e6 2. Nf3 d5 3. e5 c5 4. b4 cxb4 5. a3 Nc6	1
C00	Rat Defense: Small Center Defense (KingBase continuation, n=1)	1. d4 e6 2. e4 d6 3. Nf3 Nc6 4. Bb5 Bd7 5. O-O e5	1
C01	French Defense: Exchange Variation (KingBase continuation, n=389)	1. e4 e6 2. d4 d5 3. exd5 exd5 4. Nf3 Nf6 5. Bd3 Bd6	1
C01	French Defense: Exchange Variation, Monte Carlo Variation (KingBase continuation, n=299)	1. e4 e6 2. d4 d5 3. exd5 exd5 4. c4 Nf6 5. Nc3 Be7	1
C01	French Defense: Exchange Variation, Svenonius Variation (KingBase continuation, n=91)	1. e4 e6 2. d4 d5 3. Nc3 Nf6 4. exd5 exd5 5. Bg5 Be7	1
C02	French Defense: Advance Variation, Extended Bishop Swap (KingBase continuation, n=14)	1. e4 e6 2. d4 d5 3. e5 Bd7 4. Nf3 a6 5. c4 dxc4	1
C02	French Defense: Advance Variation, Frenkel Gambit (KingBase continuation, n=1)	1. e4 e6 2. d4 d5 3. e5 c5 4. b4 cxb4 5. a3 bxa3	1
C02	French Defense: Advance Variation, Kupreichik Variation (KingBase continuation, n=127)	1. e4 e6 2. d4 d5 3. e5 c5 4. c3 Nc6 5. Be3 Qb6	1
C02	French Defense: Advance Variation, Nimzowitsch Attack (KingBase continuation, n=72)	1. e4 e6 2. d4 d5 3. e5 c5 4. Qg4 cxd4 5. Nf3 Nc6	1
C02	French Defense: Advance Variation, Nimzowitsch Gambit (KingBase continuation, n=72)	1. e4 e6 2. d4 d5 3. e5 c5 4. Qg4 cxd4 5. Nf3 Nc6	1
C02	French Defense: Advance Variation, Nimzowitsch System (KingBase continuation, n=151)	1. e4 e6 2. d4 d5 3. e5 c5 4. Nf3 Nc6 5. Bd3 cxd4	1
C02	French Defense: Advance Variation, Ruisdonk Gambit (KingBase continuation, n=77)	1. e4 e6 2. d4 d5 3. e5 c5 4. Nf3 cxd4 5. Bd3 Nc6	1
C02	French Defense: Advance Variation, Steinitz Variation (KingBase continuation, n=56)	1. e4 e6 2. d4 d5 3. e5 c5 4. dxc5 Nc6 5. Nf3 Bxc5	1
C03	French Defense: Tarrasch Variation, Haberditz Variation (KingBase continuation, n=10)	1. e4 e6 2. d4 d5 3. Nd2 f5 4. exf5 exf5 5. Bd3 Nf6	1
C03	French Defense: Tarrasch Variation, Modern System (KingBase continuation, n=568)	1. e4 e6 2. d4 d5 3. Nd2 a6 4. Ngf3 c5 5. exd5 exd5	1
C03	French Defense: Tarrasch Variation, Morozevich Variation (KingBase continuation, n=1108)	1. e4 e6 2. d4 d5 3. Nd2 Be7 4. Bd3 c5 5. dxc5 Nf6	1
C04	French Defense: Tarrasch Variation, Guimard Defense, Main Line (KingBase continuation, n=2377)	1. e4 e6 2. d4 d5 3. Nd2 Nc6 4. Ngf3 Nf6 5. e5 Nd7	1
C05	French Defense: Tarrasch Variation, Pawn Center Variation (KingBase continuation, n=1713)	1. e4 e6 2. d4 d5 3. Nd2 Nf6 4. e5 Nfd7 5. f4 c5	1
C07	French Defense: Tarrasch Variation, Open System, Euwe-Keres Line (KingBase continuation, n=983)	1. e4 e6 2. d4 d5 3. Nd2 c5 4. Ngf3 cxd4 5. exd5 Qxd5	1
C07	French Defense: Tarrasch Variation, Open System, Süchting Line (KingBase continuation, n=96)	1. e4 e6 2. d4 d5 3. Nd2 c5 4. c3 cxd4 5. cxd4 dxe4	1
C10	French Defense: Hecht-Reefschläger Variation (KingBase continuation, n=476)	1. e4 e6 2. d4 d5 3. Nc3 Nc6 4. Nf3 Nf6 5. e5 Ne4	1
C10	French Defense: Marshall Gambit (KingBase continuation, n=2)	1. e4 e6 2. d4 d5 3. Nc3 c5 4. exd5 exd5 5. dxc5 Nf6	1
C10	French Defense: Rubinstein Variation, Ellis Gambit (KingBase continuation, n=1)	1. e4 e6 2. d4 d5 3. Nc3 dxe4 4. Nxe4 e5 5. Nf3 Bg4	1
C10	French Defense: Rubinstein Variation, Maric Variation (KingBase continuation, n=43)	1. e4 e6 2. d4 d5 3. Nc3 dxe4 4. Nxe4 Qd5 5. Nc3 Bb4	1
C11	French Defense: Classical Variation, Delayed Exchange Variation (KingBase continuation, n=91)	1. e4 e6 2. d4 d5 3. Nc3 Nf6 4. exd5 exd5 5. Bg5 Be7	1
C11	French Defense: Classical Variation, Shirov-Anand Variation (KingBase continuation, n=790)	1. e4 e6 2. d4 d5 3. Nc3 Nf6 4. e5 Nfd7 5. Nce2 c5	1
C11	French Defense: Classical Variation, Swiss Variation (KingBase continuation, n=25)	1. e4 e6 2. d4 d5 3. Nc3 Nf6 4. Bd3 c5 5. exd5 Nxd5	1
C11	French Defense: Steinitz Variation, Gledhill Attack (KingBase continuation, n=28)	1. e4 e6 2. d4 d5 3. Nc3 Nf6 4. e5 Nfd7 5. Qg4 c5	1
C15	French Defense: McCutcheon Variation, Wolf Gambit (KingBase continuation, n=68)	1. e4 e6 2. d4 d5 3. Nc3 Bb4 4. Ne2 Nf6 5. Bg5 dxe4	1
C15	French Defense: Winawer Variation, Fingerslip Variation, Schwarz's Line (KingBase continuation, n=1)	1. e4 e6 2. d4 d5 3. Nc3 Bb4 4. Bd2 Ne7 5. Nb1 Bxd2+	1
C16	French Defense: Winawer Variation, Petrosian Variation (KingBase continuation, n=301)	1. e4 e6 2. d4 d5 3. Nc3 Bb4 4. e5 Qd7 5. a3 Bxc3+	1
C17	French Defense: Winawer Variation, Advance Variation, Moscow Variation (KingBase continuation, n=266)	1. e4 e6 2. d4 d5 3. Nc3 Bb4 4. e5 c5 5. Qg4 Ne7	1
C20	English Opening: The Whale (KingBase continuation, n=2)	1. e4 e5 2. c4 Nc6 3. Nc3 g6 4. g3 Bg7 5. Bg2 Nge7	1
C20	King's Pawn Game: Alapin Opening (KingBase continuation, n=3)	1. e4 e5 2. Ne2 Nf6 3. f4 Nxe4 4. d3 Nc5 5. fxe5 d5	1
C20	King's Pawn Game: Beyer Gambit (KingBase continuation, n=3)	1. e4 e5 2. d4 d5 3. Nc3 Nf6 4. Bg5 dxe4 5. Nxe4 Be7	1
C20	King's Pawn Game: King's Head Opening (KingBase continuation, n=1)	1. e4 e5 2. f3 Nf6 3. Bb5 a6 4. Bc4 Bc5 5. Ne2 O-O	1
C20	King's Pawn Game: Leonardis Variation (KingBase continuation, n=2)	1. e4 e5 2. d3 Nc6 3. g3 Bc5 4. Bg2 Nf6 5. c3 d5	1
C20	King's Pawn Game: MacLeod Attack (KingBase continuation, n=1)	1. e4 e5 2. c3 d5 3. exd5 Qxd5 4. d4 Nf6 5. dxe5 Qxd1+	1
C20	King's Pawn Game: MacLeod Attack, Lasa Gambit (KingBase continuation, n=1)	1. e4 e5 2. c3 f5 3. d4 d5 4. exd5 Qxd5 5. dxe5 Qxe5+	1
C20	King's Pawn Game: Mengarini's Opening (KingBase continuation, n=7)	1. e4 e5 2. a3 Nf6 3. d3 d5 4. f4 Nc6 5. fxe5 Nxe5	1
C20	King's Pawn Game: Napoleon Attack (KingBase continuation, n=1)	1. e4 e5 2. Qf3 Nf6 3. Bc4 g6 4. d4 d6 5. Bg5 Bg7	1
C20	King's Pawn Game: Wayward Queen Attack, Kiddie Countergambit (KingBase continuation, n=2)	1. e4 e5 2. Qh5 Nf6 3. Qxe5+ Be7 4. Qd4 Nc6 5. Qa4 O-O	1
C20	King's Pawn Opening (KingBase continuation, n=1)	1. e4 e5 2. b3 Nf6 3. d3 Nc6 4. Bb2 Bc5 5. Nf3 Ng4	1
C20	Portuguese Opening (KingBase continuation, n=4)	1. e4 e5 2. Bb5 c6 3. Ba4 Nf6 4. Nc3 b5 5. Bb3 b4	1
C20	Portuguese Opening: Portuguese Gambit (KingBase continuation, n=3)	1. e4 e5 2. Bb5 Nf6 3. d4 c6 4. dxe5 Nxe4 5. Bd3 Nc5	1
C21	Center Game: Halasz-McDonnell Gambit (KingBase continuation, n=2)	1. e4 e5 2. d4 exd4 3. f4 Nc6 4. Nf3 d5 5. e5 Bc5	1
C21	Center Game: Kieseritzky Variation (KingBase continuation, n=55)	1. e4 e5 2. d4 exd4 3. Nf3 Nc6 4. Bc4 Nf6 5. e5 d5	1
C21	Center Game: Kieseritzky Variation (KingBase continuation, n=2)	1. e4 e5 2. d4 exd4 3. Nf3 c5 4. c3 d5 5. exd5 Qxd5	1
C21	Center Game: Lanc-Arnold Gambit (KingBase continuation, n=1)	1. e4 e5 2. d4 exd4 3. Nf3 Bc5 4. c3 dxc3 5. Bc4 d6	1
C21	Center Game: Lanc-Arnold Gambit, Schippler Gambit (KingBase continuation, n=1)	1. e4 e5 2. d4 exd4 3. Nf3 Bc5 4. c3 dxc3 5. Bc4 d6	1
C21	Center Game: Ross Gambit (KingBase continuation, n=1)	1. e4 e5 2. d4 exd4 3. Bd3 d6 4. f4 Be7 5. Nf3 Nf6	1
C21	Center Game: von der Lasa Gambit (KingBase continuation, n=6)	1. e4 e5 2. d4 exd4 3. Bc4 Nf6 4. Nf3 Nc6 5. e5 d5	1
C21	Danish Gambit Accepted: Svenonius Defense (KingBase continuation, n=2)	1. e4 e5 2. d4 exd4 3. c3 Ne7 4. cxd4 d5 5. e5 Nf5	1
C21	Danish Gambit Declined: Sörensen Defense (KingBase continuation, n=51)	1. e4 e5 2. d4 exd4 3. c3 d5 4. exd5 Qxd5 5. cxd4 Nc6	1
C22	Center Game: l'Hermet Variation (KingBase continuation, n=1)	1. e4 e5 2. d4 exd4 3. Qxd4 Nc6 4. Qe3 f5 5. Nc3 Nf6	1
C23	Bishop's Opening: Calabrese Countergambit (KingBase continuation, n=2)	1. e4 e5 2. Bc4 f5 3. d3 Nf6 4. Nc3 Nc6 5. Bg5 fxe4	1
C23	Bishop's Opening: Calabrese Countergambit, Jaenisch Variation (KingBase continuation, n=2)	1. e4 e5 2. Bc4 f5 3. d3 Nf6 4. Nc3 Nc6 5. Bg5 fxe4	1
C23	Bishop's Opening: Khan Gambit (KingBase continuation, n=2)	1. e4 e5 2. Bc4 d5 3. Bxd5 Nf6 4. Bb3 Nxe4 5. Qe2 Nd6	1
C23	Bishop's Opening: Lewis Gambit (KingBase continuation, n=2)	1. e4 e5 2. Bc4 Bc5 3. d4 Bxd4 4. Nf3 Nc6 5. Nxd4 Nxd4	1
C23	Bishop's Opening: Lopez Variation (KingBase continuation, n=1)	1. e4 e5 2. Bc4 Bc5 3. Qe2 d6 4. d3 Nc6 5. c3 Qf6	1
C23	Bishop's Opening: McDonnell Gambit, La Bourdonnais-Denker Gambit (KingBase continuation, n=1)	1. e4 e5 2. Bc4 Bc5 3. b4 Bxb4 4. c3 Bc5 5. d4 exd4	1
C23	Bishop's Opening: Stein Gambit (KingBase continuation, n=2)	1. e4 e5 2. Bc4 Bc5 3. f4 d6 4. Nf3 Nc6 5. Nc3 Nf6	1
C24	Bishop's Opening: Berlin Defense, Greco Gambit (KingBase continuation, n=1)	1. e4 e5 2. Bc4 Nf6 3. f4 exf4 4. e5 d5 5. Be2 Ng4	1
C24	Bishop's Opening: Paulsen Defense (KingBase continuation, n=472)	1. e4 e5 2. Bc4 Nf6 3. d3 c6 4. Nf3 d5 5. Bb3 Bd6	1
C24	Bishop's Opening: Vienna Hybrid (KingBase continuation, n=126)	1. e4 e5 2. Bc4 Nf6 3. d3 Nc6 4. Nc3 Bb4 5. Ne2 d5	1
C25	Vienna Gambit, with Max Lange Defense: Cunningham Defense (KingBase continuation, n=3)	1. e4 e5 2. Nc3 Nc6 3. f4 exf4 4. Nf3 Be7 5. Bc4 Bh4+	1
C25	Vienna Gambit, with Max Lange Defense: Quelle Gambit (KingBase continuation, n=2)	1. e4 e5 2. Nc3 Nc6 3. f4 Bc5 4. fxe5 d6 5. exd6 Qxd6	1
C25	Vienna Game: Anderssen Defense (KingBase continuation, n=23)	1. e4 e5 2. Nc3 Bc5 3. Nf3 d6 4. d4 exd4 5. Nxd4 Nf6	1
C25	Vienna Game: Hamppe-Meitner Variation (KingBase continuation, n=14)	1. e4 e5 2. Nc3 Bc5 3. Na4 Bxf2+ 4. Kxf2 Qh4+ 5. Ke3 Qf4+	1
C25	Vienna Game: Omaha Gambit (KingBase continuation, n=2)	1. e4 e5 2. Nc3 d6 3. f4 exf4 4. Nf3 g5 5. h4 g4	1
C25	Vienna Game: Stanley Variation, Meitner-Mieses Gambit (KingBase continuation, n=3)	1. e4 e5 2. Nc3 Nc6 3. Bc4 Bc5 4. Qg4 Qf6 5. Nd5 Qxf2+	1
C25	Vienna Game: Zhuravlev Countergambit (KingBase continuation, n=1)	1. e4 e5 2. Nc3 Bb4 3. Qg4 Nf6 4. Qxg7 Rg8 5. Qh6 Nc6	1
C26	Bishop's Opening: Vienna Hybrid, Spielmann Attack (KingBase continuation, n=10)	1. e4 e5 2. Nc3 Nf6 3. Bc4 Bc5 4. d3 h6 5. f4 d6	1
C26	Vienna Game: Mengarini Variation (KingBase continuation, n=3)	1. e4 e5 2. Nc3 Nf6 3. a3 Bc5 4. Nf3 d6 5. Be2 Nc6	1
C26	Vienna Game: Mieses Variation, Erben Gambit (KingBase continuation, n=2)	1. e4 e5 2. Nc3 Nf6 3. g3 d5 4. exd5 c6 5. dxc6 Nxc6	1
C26	Vienna Game: Stanley Variation, Reversed Spanish (KingBase continuation, n=5)	1. e4 e5 2. Nc3 Nf6 3. Bc4 Bb4 4. d3 d5 5. exd5 Nxd5	1
C27	Bishop's Opening: Boden-Kieseritzky Gambit (KingBase continuation, n=20)	1. e4 e5 2. Nf3 Nf6 3. Bc4 Nxe4 4. Nc3 Nf6 5. Nxe5 d5	1
C27	Bishop's Opening: Boden-Kieseritzky Gambit, Lichtenhein Defense (KingBase continuation, n=4)	1. e4 e5 2. Nf3 Nf6 3. Bc4 Nxe4 4. Nc3 d5 5. Bxd5 Nf6	1
C28	Bishop's Opening: Vienna Hybrid, Hromádka Variation (KingBase continuation, n=33)	1. e4 e5 2. Nc3 Nc6 3. Bc4 Nf6 4. d3 Bb4 5. Ne2 d5	1
C28	Vienna Game: Stanley Variation, Bronstein Gambit (KingBase continuation, n=1)	1. e4 e5 2. Nc3 Nc6 3. Bc4 Nf6 4. f4 Nxe4 5. Nf3 Nxc3	1
C28	Vienna Game: Stanley Variation, Three Knights Variation (KingBase continuation, n=41)	1. e4 e5 2. Nc3 Nc6 3. Bc4 Nf6 4. d3 Bc5 5. f4 d6	1
C29	Vienna Game: Vienna Gambit, Steinitz Variation (KingBase continuation, n=2)	1. e4 e5 2. Nc3 Nf6 3. f4 d5 4. d3 d4 5. Nce2 Nc6	1
C30	King's Gambit Declined: Classical Variation, Rotlewi Countergambit (KingBase continuation, n=6)	1. e4 e5 2. f4 Bc5 3. Nf3 d6 4. b4 Bxb4 5. c3 Bc5	1
C30	King's Gambit Declined: Classical Variation, Walthoffen Attack (KingBase continuation, n=6)	1. e4 e5 2. f4 Bc5 3. Qh5 d6 4. fxe5 g6 5. Qf3 dxe5	1
C30	King's Gambit Declined: Classical, Hanham Variation (KingBase continuation, n=1)	1. e4 e5 2. f4 Bc5 3. Nf3 d6 4. Nc3 Nd7 5. d4 exd4	1
C30	King's Gambit Declined: Classical, Soldatenkov Variation (KingBase continuation, n=2)	1. e4 e5 2. f4 Bc5 3. Nf3 d6 4. fxe5 dxe5 5. c3 Nf6	1
C30	King's Gambit Declined: Keene Defense (KingBase continuation, n=18)	1. e4 e5 2. f4 Qh4+ 3. g3 Qe7 4. fxe5 d6 5. Nc3 dxe5	1
C30	King's Gambit Declined: Keene's Defense (KingBase continuation, n=18)	1. e4 e5 2. f4 Qh4+ 3. g3 Qe7 4. fxe5 d6 5. Nc3 dxe5	1
C30	King's Gambit Declined: Keene's Defense (KingBase continuation, n=18)	1. e4 e5 2. f4 Qh4+ 3. g3 Qe7 4. fxe5 d6 5. Nc3 dxe5	1
C30	King's Gambit Declined: Mafia Defense (KingBase continuation, n=1)	1. e4 c5 2. f4 e5 3. Nc3 exf4 4. Nf3 g5 5. Bc4 Nc6	1
C30	King's Gambit Declined: Miles Defense (KingBase continuation, n=9)	1. e4 e5 2. f4 Nc6 3. Nf3 f5 4. exf5 e4 5. Ne5 Nf6	1
C30	King's Gambit Declined: Norwalde Variation (KingBase continuation, n=1)	1. e4 e5 2. f4 Qf6 3. Nc3 Qxf4 4. Nf3 Bb4 5. Bc4 Bxc3	1
C30	King's Gambit Declined: Norwalde Variation, Bücker Gambit (KingBase continuation, n=1)	1. e4 e5 2. f4 Qf6 3. Nc3 Qxf4 4. Nf3 Bb4 5. Bc4 Bxc3	1
C30	King's Gambit Declined: Norwalde Variation, Schubert Variation (KingBase continuation, n=1)	1. e4 e5 2. f4 Qf6 3. Nc3 Qxf4 4. d4 Qh4+ 5. g3 Qf6	1
C30	King's Gambit Declined: Petrov's Defense (KingBase continuation, n=11)	1. e4 e5 2. f4 Nf6 3. fxe5 Nxe4 4. Nf3 Ng5 5. d4 Nxf3+	1
C30	King's Gambit Declined: Queen's Knight Defense (KingBase continuation, n=9)	1. e4 e5 2. f4 Nc6 3. Nf3 f5 4. exf5 e4 5. Ne5 Nf6	1
C30	King's Gambit Declined: Zilbermints Double Countergambit (KingBase continuation, n=1)	1. e4 e5 2. f4 g5 3. fxe5 d6 4. exd6 Qxd6 5. d4 Qg6	1
C31	King's Gambit Declined: Falkbeer Countergambit, Anderssen Attack (KingBase continuation, n=2)	1. e4 e5 2. f4 d5 3. exd5 e4 4. Bb5+ Bd7 5. Bxd7+ Nxd7	1
C31	King's Gambit Declined: Falkbeer Countergambit, Blackburne Attack (KingBase continuation, n=3)	1. e4 e5 2. f4 d5 3. Nf3 exf4 4. exd5 Nf6 5. Nc3 Nxd5	1
C31	King's Gambit Declined: Falkbeer Countergambit, Hinrichsen Gambit (KingBase continuation, n=2)	1. e4 e5 2. f4 d5 3. d4 exd4 4. e5 Bb4+ 5. Bd2 Bxd2+	1
C31	King's Gambit Declined: Falkbeer Countergambit, Miles Gambit (KingBase continuation, n=2)	1. e4 e5 2. f4 d5 3. exd5 Bc5 4. Nc3 exf4 5. Nf3 Ne7	1
C31	King's Gambit Declined: Falkbeer Countergambit, Milner-Barry Variation (KingBase continuation, n=2)	1. e4 e5 2. f4 d5 3. Nc3 Nf6 4. exd5 e4 5. d4 Bb4	1
C31	King's Gambit Declined: Falkbeer Countergambit, Modern Transfer (KingBase continuation, n=90)	1. e4 e5 2. f4 d5 3. exd5 exf4 4. Nf3 Nf6 5. Bc4 Nxd5	1
C31	King's Gambit Declined: Falkbeer Countergambit, Nimzowitsch-Marshall Countergambit (KingBase continuation, n=68)	1. e4 e5 2. f4 d5 3. exd5 c6 4. Nc3 exf4 5. Nf3 Bd6	1
C31	King's Gambit Declined: Falkbeer Countergambit, Rubinstein Variation (KingBase continuation, n=3)	1. e4 e5 2. f4 d5 3. exd5 e4 4. Nc3 Nf6 5. Qe2 Be7	1
C31	Van Geet Opening: Grünfeld Defense, Steiner Gambit (KingBase continuation, n=1)	1. e4 e5 2. f4 d5 3. Nc3 dxe4 4. Nxe4 exf4 5. Nf3 Nf6	1
C32	King's Gambit Declined: Falkbeer Countergambit, Charousek Gambit, Keres Variation (KingBase continuation, n=1)	1. e4 e5 2. f4 d5 3. exd5 e4 4. d3 Nf6 5. Nd2 exd3	1
C32	King's Gambit Declined: Falkbeer Countergambit, Charousek Gambit, Old Line (KingBase continuation, n=7)	1. e4 e5 2. f4 d5 3. exd5 e4 4. d3 Nf6 5. Qe2 Bg4	1
C33	King's Gambit Accepted: Basman Gambit (KingBase continuation, n=2)	1. e4 e5 2. f4 exf4 3. Qe2 Qh4+ 4. Kd1 d6 5. Nf3 Qf6	1
C33	King's Gambit Accepted: Bishop's Gambit, Anderssen Defense (KingBase continuation, n=1)	1. e4 e5 2. f4 exf4 3. Bc4 g5 4. Qh5 Qe7 5. d3 h6	1
C33	King's Gambit Accepted: Bishop's Gambit, Anderssen Variation (KingBase continuation, n=2)	1. e4 e5 2. f4 exf4 3. Bc4 d5 4. Bxd5 c6 5. Bb3 Qh4+	1
C33	King's Gambit Accepted: Bishop's Gambit, Bledow Countergambit (KingBase continuation, n=41)	1. e4 e5 2. f4 exf4 3. Bc4 d5 4. Bxd5 Nf6 5. Nc3 Bb4	1
C33	King's Gambit Accepted: Bishop's Gambit, Boden Variation (KingBase continuation, n=2)	1. e4 e5 2. f4 exf4 3. Bc4 Qh4+ 4. Kf1 Nc6 5. d4 d6	1
C33	King's Gambit Accepted: Bishop's Gambit, Bogoljubow Defense (KingBase continuation, n=87)	1. e4 e5 2. f4 exf4 3. Bc4 Nf6 4. Nc3 c6 5. Bb3 d5	1
C33	King's Gambit Accepted: Bishop's Gambit, Bogoljubow Variation (KingBase continuation, n=87)	1. e4 e5 2. f4 exf4 3. Bc4 Nf6 4. Nc3 c6 5. Bb3 d5	1
C33	King's Gambit Accepted: Bishop's Gambit, Bryan Countergambit (KingBase continuation, n=2)	1. e4 e5 2. f4 exf4 3. Bc4 Qh4+ 4. Kf1 b5 5. Bxb5 Nf6	1
C33	King's Gambit Accepted: Bishop's Gambit, Cozio Defense (KingBase continuation, n=87)	1. e4 e5 2. f4 exf4 3. Bc4 Nf6 4. Nc3 c6 5. Bb3 d5	1
C33	King's Gambit Accepted: Bishop's Gambit, Cozio Variation (KingBase continuation, n=8)	1. e4 e5 2. f4 exf4 3. Bc4 Qh4+ 4. Kf1 d6 5. Nf3 Qh5	1
C33	King's Gambit Accepted: Bishop's Gambit, First Jaenisch Variation (KingBase continuation, n=10)	1. e4 e5 2. f4 exf4 3. Bc4 Qh4+ 4. Kf1 Nf6 5. Nf3 Qh5	1
C33	King's Gambit Accepted: Bishop's Gambit, Greco Variation (KingBase continuation, n=3)	1. e4 e5 2. f4 exf4 3. Bc4 Qh4+ 4. Kf1 Bc5 5. d4 Bb6	1
C33	King's Gambit Accepted: Bishop's Gambit, Kieseritzky Gambit (KingBase continuation, n=1)	1. e4 e5 2. f4 exf4 3. Bc4 b5 4. Bxb5 Qh4+ 5. Kf1 Bb7	1
C33	King's Gambit Accepted: Bishop's Gambit, Lopez Defense (KingBase continuation, n=6)	1. e4 e5 2. f4 exf4 3. Bc4 c6 4. Nc3 Nf6 5. Bb3 d5	1
C33	King's Gambit Accepted: Bishop's Gambit, Maurian Defense (KingBase continuation, n=6)	1. e4 e5 2. f4 exf4 3. Bc4 Nc6 4. d4 Nf6 5. e5 d5	1
C33	King's Gambit Accepted: Bishop's Gambit, Paulsen Attack (KingBase continuation, n=25)	1. e4 e5 2. f4 exf4 3. Bc4 Nf6 4. Nc3 Bb4 5. e5 d5	1
C33	King's Gambit Accepted: Bishop's Gambit, Steinitz Defense (KingBase continuation, n=6)	1. e4 e5 2. f4 exf4 3. Bc4 Ne7 4. Nc3 Ng6 5. Nf3 Be7	1
C33	King's Gambit Accepted: Breyer Gambit (KingBase continuation, n=3)	1. e4 e5 2. f4 exf4 3. Qf3 Qh4+ 4. g3 fxg3 5. hxg3 Qf6	1
C33	King's Gambit Accepted: Mason-Keres Gambit (KingBase continuation, n=10)	1. e4 e5 2. f4 exf4 3. Nc3 Qh4+ 4. Ke2 d6 5. Nf3 Bg4	1
C33	King's Gambit Accepted: Stamma Gambit (KingBase continuation, n=1)	1. e4 e5 2. f4 exf4 3. h4 Be7 4. Nf3 Nf6 5. Nc3 d5	1
C33	King's Gambit Accepted: Tartakower Gambit (KingBase continuation, n=7)	1. e4 e5 2. f4 exf4 3. Be2 d5 4. exd5 Nf6 5. Nf3 Nxd5	1
C33	King's Gambit Accepted: Villemson Gambit (KingBase continuation, n=4)	1. e4 e5 2. f4 exf4 3. d4 Qh4+ 4. Ke2 d5 5. Nf3 Bg4	1
C34	King's Gambit Accepted: Bonsch-Osmolovsky Variation (KingBase continuation, n=53)	1. e4 e5 2. f4 exf4 3. Nf3 Ne7 4. d4 d5 5. Nc3 dxe4	1
C34	King's Gambit Accepted: Gianutio Countergambit (KingBase continuation, n=1)	1. e4 e5 2. f4 exf4 3. Nf3 f5 4. e5 g5 5. d4 d5	1
C34	King's Gambit Accepted: Schallopp Defense (KingBase continuation, n=22)	1. e4 e5 2. f4 exf4 3. Nf3 Nf6 4. e5 Nh5 5. d4 d5	1
C34	King's Gambit Accepted: Wagenbach Defense (KingBase continuation, n=2)	1. e4 e5 2. f4 exf4 3. Nf3 h5 4. d4 g5 5. Bc4 h4	1
C35	King's Gambit Accepted: Cunningham Defense, McCormick Defense (KingBase continuation, n=48)	1. e4 e5 2. f4 exf4 3. Nf3 Be7 4. Bc4 Nf6 5. e5 Ng4	1
C37	King's Gambit Accepted: Quaade Gambit (KingBase continuation, n=9)	1. e4 e5 2. f4 exf4 3. Nf3 g5 4. Nc3 Bg7 5. d4 d6	1
C37	King's Gambit Accepted: Rosentreter Gambit, Testa Variation (KingBase continuation, n=17)	1. e4 e5 2. f4 exf4 3. Nf3 g5 4. d4 g4 5. Bxf4 gxf3	1
C38	King's Gambit Accepted: Hanstein Gambit (KingBase continuation, n=24)	1. e4 e5 2. f4 exf4 3. Nf3 g5 4. Bc4 Bg7 5. O-O d6	1
C40	Elephant Gambit (KingBase continuation, n=31)	1. e4 e5 2. Nf3 d5 3. exd5 Bd6 4. d4 e4 5. Ne5 Nf6	1
C40	Elephant Gambit: Maróczy Gambit (KingBase continuation, n=31)	1. e4 e5 2. Nf3 d5 3. exd5 Bd6 4. d4 e4 5. Ne5 Nf6	1
C40	Elephant Gambit: Paulsen Countergambit (KingBase continuation, n=11)	1. e4 e5 2. Nf3 d5 3. exd5 e4 4. Qe2 Nf6 5. Nc3 Be7	1
C40	Gunderam Defense (KingBase continuation, n=15)	1. e4 e5 2. Nf3 Qe7 3. Nc3 c6 4. d4 d6 5. Bg5 Nf6	1
C40	King's Pawn Game: Busch-Gass Gambit (KingBase continuation, n=2)	1. e4 e5 2. Nf3 Bc5 3. Nc3 d6 4. d4 exd4 5. Nxd4 Nc6	1
C40	King's Pawn Game: Gunderam Defense, Gunderam Gambit (KingBase continuation, n=1)	1. e4 e5 2. Nf3 Qe7 3. Bc4 f5 4. exf5 Nf6 5. O-O d6	1
C40	King's Pawn Game: Gunderam Gambit (KingBase continuation, n=2)	1. e4 e5 2. Nf3 c6 3. d4 Nf6 4. Nc3 exd4 5. Qxd4 d5	1
C40	King's Pawn Game: McConnell Defense (KingBase continuation, n=1)	1. e4 e5 2. Nf3 Qf6 3. Bc4 Bc5 4. Nc3 Nh6 5. d3 Nf5	1
C40	Latvian Gambit Accepted (KingBase continuation, n=4)	1. e4 e5 2. Nf3 f5 3. exf5 d6 4. d4 e4 5. Ng5 Bxf5	1
C40	Latvian Gambit Accepted: Foltys-Leonhardt Variation (KingBase continuation, n=10)	1. e4 e5 2. Nf3 f5 3. Nxe5 Qf6 4. Nc4 fxe4 5. Nc3 Qf7	1
C40	Latvian Gambit Accepted: Leonhardt Variation (KingBase continuation, n=10)	1. e4 e5 2. Nf3 f5 3. Nxe5 Qf6 4. Nc4 fxe4 5. Nc3 Qf7	1
C40	Latvian Gambit: Fraser Defense (KingBase continuation, n=7)	1. e4 e5 2. Nf3 f5 3. Nxe5 Nc6 4. d4 Qh4 5. Nf3 Qxe4+	1
C40	Latvian Gambit: Greco Variation (KingBase continuation, n=1)	1. e4 e5 2. Nf3 f5 3. Nxe5 Qe7 4. d4 Nf6 5. Bc4 Nc6	1
C40	Latvian Gambit: Mason Countergambit (KingBase continuation, n=6)	1. e4 e5 2. Nf3 f5 3. d4 fxe4 4. Nxe5 Nf6 5. Be2 d6	1
C40	Latvian Gambit: Mayet Attack, Polerio-Svedenborg Variation (KingBase continuation, n=4)	1. e4 e5 2. Nf3 f5 3. Bc4 fxe4 4. Nxe5 d5 5. Qh5+ g6	1
C40	Latvian Gambit: Mayet Attack, Strautins Gambit (KingBase continuation, n=2)	1. e4 e5 2. Nf3 f5 3. Bc4 b5 4. Bb3 fxe4 5. Nxe5 Qg5	1
C40	Latvian Gambit: Mlotkowski Variation (KingBase continuation, n=3)	1. e4 e5 2. Nf3 f5 3. Nc3 fxe4 4. Nxe5 Nf6 5. Bc4 Qe7	1
C41	Philidor Defense (KingBase continuation, n=115)	1. e4 e5 2. Nf3 d6 3. Bc4 Be7 4. d4 exd4 5. Nxd4 Nf6	1
C41	Philidor Defense (KingBase continuation, n=115)	1. e4 e5 2. Nf3 d6 3. Bc4 Be7 4. d4 exd4 5. Nxd4 Nf6	1
C41	Philidor Defense: Albin-Blackburne Gambit (KingBase continuation, n=16)	1. e4 e5 2. Nf3 d6 3. d4 Bg4 4. dxe5 Nd7 5. exd6 Bxd6	1
C41	Philidor Defense: Bird Gambit (KingBase continuation, n=1)	1. e4 e5 2. Nf3 d6 3. d4 exd4 4. c3 Nf6 5. Qxd4 Nc6	1
C41	Philidor Defense: Boden Variation (KingBase continuation, n=4)	1. e4 e5 2. Nf3 d6 3. d4 exd4 4. Qxd4 Bd7 5. Bg5 Nc6	1
C41	Philidor Defense: Hanham Variation, Delmar Variation (KingBase continuation, n=8)	1. e4 e5 2. Nf3 d6 3. d4 Nd7 4. Bc4 c6 5. c3 b5	1
C41	Philidor Defense: Hanham Variation, Schlechter Variation (KingBase continuation, n=56)	1. e4 e5 2. Nf3 d6 3. d4 Nd7 4. Bc4 c6 5. Nc3 Be7	1
C41	Philidor Defense: Hanham Variation, Sharp Variation (KingBase continuation, n=1)	1. e4 e5 2. Nf3 d6 3. d4 Nd7 4. Bc4 Nb6 5. Be2 Qe7	1
C41	Philidor Defense: Hanham, Kmoch Variation (KingBase continuation, n=22)	1. e4 e5 2. Nf3 d6 3. d4 Nd7 4. Bc4 c6 5. Ng5 Nh6	1
C41	Philidor Defense: Larsen Variation (KingBase continuation, n=258)	1. e4 e5 2. Nf3 d6 3. d4 exd4 4. Nxd4 g6 5. Nc3 Bg7	1
C41	Philidor Defense: Lion Variation, Shirov Gambit (KingBase continuation, n=2)	1. e4 e5 2. Nf3 d6 3. d4 Nd7 4. Nc3 Ngf6 5. g4 Nxg4	1
C41	Philidor Defense: Lopez Countergambit (KingBase continuation, n=2)	1. e4 e5 2. Nf3 d6 3. Bc4 f5 4. d3 f4 5. d4 Nc6	1
C41	Philidor Defense: Morphy Gambit (KingBase continuation, n=4)	1. e4 e5 2. Nf3 d6 3. d4 exd4 4. Bc4 Be7 5. c3 Nf6	1
C41	Philidor Defense: Nimzowitsch Variation (KingBase continuation, n=163)	1. e4 e5 2. Nf3 d6 3. d4 Nf6 4. dxe5 Nxe4 5. Qd5 Nc5	1
C41	Philidor Defense: Nimzowitsch Variation, Klein Variation (KingBase continuation, n=12)	1. e4 e5 2. Nf3 d6 3. d4 Nf6 4. Bc4 Nxe4 5. dxe5 c6	1
C41	Philidor Defense: Nimzowitsch Variation, Rellstab Variation (KingBase continuation, n=163)	1. e4 e5 2. Nf3 d6 3. d4 Nf6 4. dxe5 Nxe4 5. Qd5 Nc5	1
C41	Philidor Defense: Nimzowitsch Variation, Sokolsky Variation (KingBase continuation, n=6)	1. e4 e5 2. Nf3 d6 3. d4 Nf6 4. dxe5 Nxe4 5. Nbd2 Nxd2	1
C41	Philidor Defense: Paulsen Attack (KingBase continuation, n=6)	1. e4 e5 2. Nf3 d6 3. d4 exd4 4. Nxd4 d5 5. exd5 Qxd5	1
C41	Philidor Defense: Philidor Countergambit, Zukertort Variation (KingBase continuation, n=14)	1. e4 e5 2. Nf3 d6 3. d4 f5 4. Nc3 fxe4 5. Nxe4 d5	1
C41	Philidor Defense: Steinitz Variation (KingBase continuation, n=24)	1. e4 e5 2. Nf3 d6 3. Bc4 Be7 4. c3 Nf6 5. d3 O-O	1
C42	Petrov's Defense: Cochrane Gambit (KingBase continuation, n=40)	1. e4 e5 2. Nf3 Nf6 3. Nxe5 d6 4. Nxf7 Kxf7 5. d4 c5	1
C42	Petrov's Defense: Cochrane Gambit, Bishop Check Line (KingBase continuation, n=3)	1. e4 e5 2. Nf3 Nf6 3. Nxe5 d6 4. Nxf7 Kxf7 5. Bc4+ d5	1
C42	Petrov's Defense: Cochrane Gambit, Center Variation (KingBase continuation, n=40)	1. e4 e5 2. Nf3 Nf6 3. Nxe5 d6 4. Nxf7 Kxf7 5. d4 c5	1
C42	Petrov's Defense: Cozio Attack (KingBase continuation, n=1471)	1. e4 e5 2. Nf3 Nf6 3. Nxe5 d6 4. Nf3 Nxe4 5. Qe2 Qe7	1
C42	Petrov's Defense: Damiano Variation (KingBase continuation, n=145)	1. e4 e5 2. Nf3 Nf6 3. Nxe5 Nxe4 4. Qe2 Qe7 5. Qxe4 d6	1
C42	Petrov's Defense: Damiano Variation, Kholmov Gambit (KingBase continuation, n=145)	1. e4 e5 2. Nf3 Nf6 3. Nxe5 Nxe4 4. Qe2 Qe7 5. Qxe4 d6	1
C42	Petrov's Defense: French Attack (KingBase continuation, n=502)	1. e4 e5 2. Nf3 Nf6 3. Nxe5 d6 4. Nf3 Nxe4 5. d3 Nf6	1
C42	Petrov's Defense: Italian Variation (KingBase continuation, n=20)	1. e4 e5 2. Nf3 Nf6 3. Bc4 Nxe4 4. Nc3 Nf6 5. Nxe5 d5	1
C42	Petrov's Defense: Karklins-Martinovsky Variation (KingBase continuation, n=6)	1. e4 e5 2. Nf3 Nf6 3. Nxe5 d6 4. Nd3 Nxe4 5. Qe2 Qe7	1
C42	Petrov's Defense: Kaufmann Attack (KingBase continuation, n=209)	1. e4 e5 2. Nf3 Nf6 3. Nxe5 d6 4. Nf3 Nxe4 5. c4 Be7	1
C42	Petrov's Defense: Millennium Attack (KingBase continuation, n=198)	1. e4 e5 2. Nf3 Nf6 3. Nxe5 d6 4. Nf3 Nxe4 5. Bd3 Nf6	1
C42	Petrov's Defense: Moody Gambit (KingBase continuation, n=1)	1. e4 e5 2. Nf3 Nf6 3. Qe2 Nc6 4. d4 Nxd4 5. Nxd4 exd4	1
C42	Petrov's Defense: Nimzowitsch Attack (KingBase continuation, n=2547)	1. e4 e5 2. Nf3 Nf6 3. Nxe5 d6 4. Nf3 Nxe4 5. Nc3 Nxc3	1
C42	Petrov's Defense: Paulsen Attack (KingBase continuation, n=112)	1. e4 e5 2. Nf3 Nf6 3. Nxe5 d6 4. Nc4 Nxe4 5. Nc3 Nxc3	1
C43	Bishop's Opening: Urusov Gambit, Keidansky Gambit (KingBase continuation, n=32)	1. e4 e5 2. Bc4 Nf6 3. d4 exd4 4. Nf3 Nxe4 5. Qxd4 Nf6	1
C43	Petrov's Defense: Modern Attack, Center Attack (KingBase continuation, n=221)	1. e4 e5 2. Nf3 Nf6 3. d4 exd4 4. e5 Ne4 5. Qxd4 d5	1
C43	Petrov's Defense: Modern Attack, Murrey Variation (KingBase continuation, n=79)	1. e4 e5 2. Nf3 Nf6 3. d4 Nxe4 4. Bd3 Nc6 5. Bxe4 d5	1
C43	Petrov's Defense: Modern Attack, Symmetrical Variation (KingBase continuation, n=3)	1. e4 e5 2. Nf3 Nf6 3. d4 d5 4. Nxe5 Nxe4 5. Bd3 Nf6	1
C43	Petrov's Defense: Modern Attack, Tal Gambit (KingBase continuation, n=2)	1. e4 e5 2. Nf3 Nf6 3. d4 exd4 4. e5 Ne4 5. Bb5 Nc6	1
C44	King's Knight Opening: Konstantinopolsky (KingBase continuation, n=15)	1. e4 e5 2. Nf3 Nc6 3. g3 Nf6 4. d3 Bc5 5. Bg2 d6	1
C44	King's Pawn Game: Dresden Opening (KingBase continuation, n=2)	1. e4 e5 2. Nf3 Nc6 3. c4 Nf6 4. Nc3 Bc5 5. Nxe5 O-O	1
C44	King's Pawn Game: Tayler Opening (KingBase continuation, n=33)	1. e4 e5 2. Nf3 Nc6 3. Be2 Nf6 4. d3 d5 5. Nbd2 Bc5	1
C44	King's Pawn Game: Tayler Opening (KingBase continuation, n=3)	1. e4 e5 2. Nf3 Nc6 3. Be2 Nf6 4. d4 exd4 5. e5 Ne4	1
C44	King's Pawn Game: Tayler Opening, Basman Gambit (KingBase continuation, n=3)	1. e4 e5 2. Nf3 Nc6 3. Be2 Nf6 4. d4 exd4 5. e5 Ne4	1
C44	King's Pawn Game: Tayler Opening, Inverted Hanham (KingBase continuation, n=33)	1. e4 e5 2. Nf3 Nc6 3. Be2 Nf6 4. d3 d5 5. Nbd2 Bc5	1
C44	Ponziani Opening: Caro Gambit (KingBase continuation, n=94)	1. e4 e5 2. Nf3 Nc6 3. c3 d5 4. Qa4 Bd7 5. exd5 Nd4	1
C44	Ponziani Opening: Jaenisch Counterattack (KingBase continuation, n=25)	1. e4 e5 2. Nf3 Nc6 3. c3 Nf6 4. d3 d5 5. Nbd2 a5	1
C44	Ponziani Opening: Jaenisch Counterattack (KingBase continuation, n=25)	1. e4 e5 2. Nf3 Nc6 3. c3 Nf6 4. d3 d5 5. Nbd2 a5	1
C44	Ponziani Opening: Jaenisch Counterattack (KingBase continuation, n=25)	1. e4 e5 2. Nf3 Nc6 3. c3 Nf6 4. d3 d5 5. Nbd2 a5	1
C44	Ponziani Opening: Leonhardt Variation (KingBase continuation, n=17)	1. e4 e5 2. Nf3 Nc6 3. c3 d5 4. Qa4 Nf6 5. Nxe5 Bd6	1
C44	Ponziani Opening: Ponziani Countergambit (KingBase continuation, n=29)	1. e4 e5 2. Nf3 Nc6 3. c3 f5 4. d4 fxe4 5. Nxe5 Nf6	1
C44	Ponziani Opening: Romanishin Variation (KingBase continuation, n=4)	1. e4 e5 2. Nf3 Nc6 3. c3 Be7 4. d4 d6 5. d5 Nb8	1
C44	Ponziani Opening: Réti Variation (KingBase continuation, n=2)	1. e4 e5 2. Nf3 Nc6 3. c3 Nge7 4. d4 exd4 5. cxd4 d5	1
C44	Ponziani Opening: Steinitz Variation (KingBase continuation, n=67)	1. e4 e5 2. Nf3 Nc6 3. c3 d5 4. Qa4 f6 5. Bb5 Ne7	1
C44	Scotch Game: Lolli Variation (KingBase continuation, n=5)	1. e4 e5 2. Nf3 Nc6 3. d4 Nxd4 4. Nxd4 exd4 5. Qxd4 Ne7	1
C44	Scotch Game: Lolli Variation (KingBase continuation, n=5)	1. e4 e5 2. Nf3 Nc6 3. d4 Nxd4 4. Nxd4 exd4 5. Qxd4 Ne7	1
C44	Scotch Game: Relfsson Gambit (KingBase continuation, n=5)	1. e4 e5 2. Nf3 Nc6 3. d4 exd4 4. Bb5 Bc5 5. O-O Nge7	1
C44	Scotch Game: Scotch Gambit, Advance Variation (KingBase continuation, n=773)	1. e4 e5 2. Nf3 Nc6 3. d4 exd4 4. Bc4 Nf6 5. e5 d5	1
C44	Scotch Game: Scotch Gambit, Göring Gambit Declined (KingBase continuation, n=246)	1. e4 e5 2. Nf3 Nc6 3. d4 exd4 4. c3 d5 5. exd5 Qxd5	1
C45	Scotch Game: Alekhine Gambit (KingBase continuation, n=1)	1. e4 e5 2. Nf3 Nc6 3. d4 exd4 4. Nxd4 Nf6 5. e5 Qe7	1
C45	Scotch Game: Braune Variation (KingBase continuation, n=9)	1. e4 e5 2. Nf3 Nc6 3. d4 exd4 4. Nxd4 Qh4 5. Be3 Qxe4	1
C45	Scotch Game: Fraser Variation (KingBase continuation, n=5)	1. e4 e5 2. Nf3 Nc6 3. d4 exd4 4. Nxd4 Qh4 5. Nf3 Qxe4+	1
C45	Scotch Game: Malaniuk Variation (KingBase continuation, n=813)	1. e4 e5 2. Nf3 Nc6 3. d4 exd4 4. Nxd4 Bb4+ 5. c3 Bc5	1
C45	Scotch Game: Paulsen Variation (KingBase continuation, n=1)	1. e4 e5 2. Nf3 Nc6 3. d4 exd4 4. Nxd4 Qh4 5. Nf5 Qxe4+	1
C46	Three Knights Opening (KingBase continuation, n=11)	1. e4 e5 2. Nf3 Nc6 3. Nc3 Bb4 4. Nd5 Nf6 5. Nxb4 Nxb4	1
C46	Three Knights Opening: Schlechter Variation (KingBase continuation, n=11)	1. e4 e5 2. Nf3 Nc6 3. Nc3 Bb4 4. Nd5 Nf6 5. Nxb4 Nxb4	1
C46	Three Knights Opening: Steinitz Defense (KingBase continuation, n=291)	1. e4 e5 2. Nf3 Nc6 3. Nc3 g6 4. d4 exd4 5. Nxd4 Bg7	1
C46	Three Knights Opening: Steinitz-Rosenthal Variation (KingBase continuation, n=68)	1. e4 e5 2. Nf3 Nc6 3. Nc3 g6 4. d4 exd4 5. Nd5 Bg7	1
C46	Three Knights Opening: Winawer Defense (KingBase continuation, n=8)	1. e4 e5 2. Nf3 Nc6 3. Nc3 f5 4. d4 fxe4 5. Nxe5 Nf6	1
C47	Four Knights Game: Gunsberg Variation (KingBase continuation, n=51)	1. e4 e5 2. Nf3 Nc6 3. Nc3 Nf6 4. a3 Be7 5. d4 exd4	1
C47	Four Knights Game: Gunsberg Variation, Provincial Opening (KingBase continuation, n=4)	1. e4 e5 2. Nf3 Nc6 3. Nc3 Nf6 4. a3 d6 5. h3 g6	1
C47	Four Knights Game: Italian Variation, Noa Gambit (KingBase continuation, n=13)	1. e4 e5 2. Nf3 Nc6 3. Bc4 Nf6 4. Nc3 Nxe4 5. Bxf7+ Kxf7	1
C47	Four Knights Game: Naroditsky Variation (KingBase continuation, n=1)	1. e4 e5 2. Nf3 Nc6 3. Nc3 Nf6 4. Nd5 Bd6 5. Bc4 Nxe4	1
C48	Four Knights Game: Spanish Variation, Rubinstein Variation Accepted (KingBase continuation, n=319)	1. e4 e5 2. Nf3 Nc6 3. Nc3 Nf6 4. Bb5 Nd4 5. Nxd4 exd4	1
C48	Four Knights Game: Spanish Variation, Rubinstein Variation, Henneberger Variation (KingBase continuation, n=6)	1. e4 e5 2. Nf3 Nf6 3. Nc3 Nc6 4. Bb5 Nd4 5. O-O Nxb5	1
C50	Italian Game: Anti-Fried Liver Defense (KingBase continuation, n=4)	1. e4 e5 2. Nf3 Nc6 3. Bc4 h6 4. O-O d6 5. c3 Qf6	1
C50	Italian Game: Blackburne-Kostić Gambit (KingBase continuation, n=3)	1. e4 e5 2. Nf3 Nc6 3. Bc4 Nd4 4. Nxd4 exd4 5. O-O d6	1
C50	Italian Game: Classical Variation, Albin Gambit (KingBase continuation, n=12)	1. e4 e5 2. Nf3 Nc6 3. Bc4 Bc5 4. O-O Nf6 5. c3 Nxe4	1
C50	Italian Game: Giuoco Pianissimo, Normal (KingBase continuation, n=566)	1. e4 e5 2. Nf3 Nc6 3. Bc4 Nf6 4. d3 Bc5 5. c3 d6	1
C50	Italian Game: Paris Defense (KingBase continuation, n=26)	1. e4 e5 2. Nf3 Nc6 3. Bc4 d6 4. d4 exd4 5. Nxd4 g6	1
C50	Italian Game: Rosentreter Gambit (KingBase continuation, n=10)	1. e4 e5 2. Nf3 Nc6 3. Bc4 Bc5 4. d4 Bxd4 5. Nxd4 Nxd4	1
C50	Italian Game: Rousseau Gambit (KingBase continuation, n=4)	1. e4 e5 2. Nf3 Nc6 3. Bc4 f5 4. d4 fxe4 5. Nxe5 d5	1
C51	Italian Game: Evans Gambit Declined, Cordel Variation (KingBase continuation, n=2)	1. e4 e5 2. Nf3 Nc6 3. Bc4 Bc5 4. b4 Bb6 5. Bb2 Nf6	1
C51	Italian Game: Evans Gambit, Hein Countergambit (KingBase continuation, n=5)	1. e4 e5 2. Nf3 Nc6 3. Bc4 Bc5 4. b4 d5 5. exd5 Nxb4	1
C53	Italian Game: Bird's Attack (KingBase continuation, n=229)	1. e4 e5 2. Nf3 Nc6 3. Bc4 Bc5 4. c3 Nf6 5. b4 Bb6	1
C55	Italian Game: Two Knights Defense, Modern Bishop's Opening (KingBase continuation, n=2694)	1. e4 e5 2. Nf3 Nc6 3. Bc4 Nf6 4. d3 Be7 5. O-O O-O	1
C56	Italian Game: Scotch Invitation Declined (KingBase continuation, n=2)	1. e4 e5 2. Nf3 Nc6 3. Bc4 Nf6 4. d4 d6 5. dxe5 dxe5	1
C56	Italian Game: Two Knights Defense, Perreux Variation (KingBase continuation, n=23)	1. e4 e5 2. Nf3 Nc6 3. Bc4 Nf6 4. d4 exd4 5. Ng5 d5	1
C57	Italian Game: Two Knights Defense, Ponziani-Steinitz Gambit (KingBase continuation, n=3)	1. e4 e5 2. Nf3 Nc6 3. Bc4 Nf6 4. Ng5 Nxe4 5. Bxf7+ Ke7	1
C60	Ruy Lopez: Brentano Gambit (KingBase continuation, n=3)	1. e4 e5 2. Nf3 Nc6 3. Bb5 g5 4. d4 Nxd4 5. Nxd4 exd4	1
C60	Ruy Lopez: Bulgarian Variation (KingBase continuation, n=1)	1. e4 e5 2. Nf3 Nc6 3. Bb5 a5 4. Ba4 Nf6 5. d3 Bc5	1
C60	Ruy Lopez: Cozio Defense (KingBase continuation, n=233)	1. e4 e5 2. Nf3 Nc6 3. Bb5 Nge7 4. O-O g6 5. c3 Bg7	1
C60	Ruy Lopez: Cozio Defense, Paulsen Variation (KingBase continuation, n=171)	1. e4 e5 2. Nf3 Nc6 3. Bb5 Nge7 4. Nc3 g6 5. d4 exd4	1
C60	Ruy Lopez: Lucena Variation (KingBase continuation, n=1)	1. e4 e5 2. Nf3 Nc6 3. Bb5 Be7 4. d4 d6 5. h3 Nf6	1
C60	Ruy Lopez: Nürnberg Variation (KingBase continuation, n=1)	1. e4 e5 2. Nf3 Nc6 3. Bb5 f6 4. O-O a6 5. Ba4 Bc5	1
C60	Ruy Lopez: Retreat Variation (KingBase continuation, n=2)	1. e4 e5 2. Nf3 Nc6 3. Bb5 Nb8 4. Bf1 Nc6 5. Bb5 Nf6	1
C60	Ruy Lopez: Vinogradov Variation (KingBase continuation, n=9)	1. e4 e5 2. Nf3 Nc6 3. Bb5 Qe7 4. O-O Nd8 5. d4 c6	1
C62	Ruy Lopez: Steinitz Defense, Semi-Duras Variation (KingBase continuation, n=2)	1. e4 e5 2. Nf3 Nc6 3. Bb5 d6 4. d4 Bd7 5. c4 exd4	1
C63	Ruy Lopez: Schliemann Defense, Exchange Variation (KingBase continuation, n=92)	1. e4 e5 2. Nf3 Nc6 3. Bb5 f5 4. Bxc6 dxc6 5. Nc3 Nf6	1
C63	Ruy Lopez: Schliemann Defense, Jaenisch Gambit Accepted (KingBase continuation, n=23)	1. e4 e5 2. Nf3 Nc6 3. Bb5 f5 4. exf5 e4 5. Qe2 Qe7	1
C63	Ruy Lopez: Schliemann Defense, Schönemann Attack (KingBase continuation, n=118)	1. e4 e5 2. Nf3 Nc6 3. Bb5 f5 4. d4 fxe4 5. Nxe5 Nxe5	1
C64	Ruy Lopez: Classical Defense, Boden Variation (KingBase continuation, n=7)	1. e4 e5 2. Nf3 Nc6 3. Bb5 Bc5 4. c3 Qe7 5. O-O a6	1
C64	Ruy Lopez: Classical Defense, Zaitsev Variation (KingBase continuation, n=7)	1. e4 e5 2. Nf3 Nc6 3. Bb5 Bc5 4. O-O Nd4 5. b4 Bb6	1
C64	Ruy Lopez: Classical Variation (KingBase continuation, n=318)	1. e4 e5 2. Nf3 Nc6 3. Bb5 Bc5 4. O-O Nd4 5. Nxd4 Bxd4	1
C64	Ruy Lopez: Classical Variation, Central Variation (KingBase continuation, n=111)	1. e4 e5 2. Nf3 Nc6 3. Bb5 Bc5 4. c3 Nf6 5. O-O O-O	1
C64	Ruy Lopez: Classical Variation, Charousek Variation (KingBase continuation, n=10)	1. e4 e5 2. Nf3 Nc6 3. Bb5 Bc5 4. c3 Bb6 5. d4 exd4	1
C64	Ruy Lopez: Classical Variation, Cordel Gambit (KingBase continuation, n=89)	1. e4 e5 2. Nf3 Nc6 3. Bb5 Bc5 4. c3 f5 5. d4 fxe4	1
C64	Ruy Lopez: Classical Variation, Konikowski Gambit (KingBase continuation, n=1)	1. e4 e5 2. Nf3 Nc6 3. Bb5 Bc5 4. c3 d5 5. O-O Ne7	1
C64	Ruy Lopez: Classical Variation, Spanish Wing Gambit (KingBase continuation, n=1)	1. e4 e5 2. Nf3 Nc6 3. Bb5 Bc5 4. b4 Bxb4 5. O-O Nge7	1
C65	Ruy Lopez: Berlin Defense, Anti-Berlin Variation, Anderssen Variation (KingBase continuation, n=7)	1. e4 e5 2. Nf3 Nc6 3. Bb5 Nf6 4. d3 d6 5. Bxc6+ bxc6	1
C65	Ruy Lopez: Berlin Defense, Anti-Berlin Variation, Duras Variation (KingBase continuation, n=30)	1. e4 e5 2. Nf3 Nc6 3. Bb5 Nf6 4. d3 d6 5. c4 g6	1
C65	Ruy Lopez: Berlin Defense, Anti-Berlin Variation, Kaufmann Variation (KingBase continuation, n=14)	1. e4 e5 2. Nf3 Nc6 3. Bb5 Nf6 4. d3 Bc5 5. Be3 Bxe3	1
C65	Ruy Lopez: Berlin Defense, Fishing Pole Variation (KingBase continuation, n=1)	1. e4 e5 2. Nf3 Nc6 3. Bb5 Nf6 4. O-O Ng4 5. d4 exd4	1
C65	Ruy Lopez: Berlin Defense, Nyholm Attack (KingBase continuation, n=60)	1. e4 e5 2. Nf3 Nc6 3. Bb5 Nf6 4. d4 exd4 5. O-O a6	1
C68	Ruy Lopez: Exchange Variation, Lutikov Variation (KingBase continuation, n=29)	1. e4 e5 2. Nf3 Nc6 3. Bb5 a6 4. Bxc6 bxc6 5. O-O d6	1
C70	Ruy Lopez: Morphy Defense, Alapin's Defense Deferred (KingBase continuation, n=2)	1. e4 e5 2. Nf3 Nc6 3. Bb5 a6 4. Ba4 Bb4 5. O-O Nge7	1
C70	Ruy Lopez: Morphy Defense, Classical Defense Deferred (KingBase continuation, n=26)	1. e4 e5 2. Nf3 Nc6 3. Bb5 a6 4. Ba4 Bc5 5. O-O b5	1
C70	Ruy Lopez: Morphy Defense, Cozio Defense (KingBase continuation, n=427)	1. e4 e5 2. Nf3 Nc6 3. Bb5 a6 4. Ba4 Nge7 5. c3 g6	1
C70	Ruy Lopez: Morphy Defense, Fianchetto Defense Deferred (KingBase continuation, n=76)	1. e4 e5 2. Nf3 Nc6 3. Bb5 a6 4. Ba4 g6 5. c3 d6	1
C70	Ruy Lopez: Morphy Defense, Schliemann Defense Deferred (KingBase continuation, n=61)	1. e4 e5 2. Nf3 Nc6 3. Bb5 a6 4. Ba4 f5 5. d4 exd4	1
C70	Ruy Lopez: Morphy Defense, Schliemann Defense Deferred, Jaenisch Gambit Deferred (KingBase continuation, n=4)	1. e4 e5 2. Nf3 Nc6 3. Bb5 a6 4. Ba4 f5 5. exf5 e4	1
C71	Ruy Lopez: Morphy Defense, Modern Steinitz Defense (KingBase continuation, n=5)	1. e4 e5 2. Nf3 Nc6 3. Bb5 a6 4. Ba4 d6 5. Nc3 Bd7	1
C71	Ruy Lopez: Morphy Defense, Modern Steinitz Defense (KingBase continuation, n=53)	1. e4 e5 2. Nf3 Nc6 3. Bb5 a6 4. Ba4 d6 5. c4 Bg4	1
C77	Ruy Lopez: Morphy Defense, Bayreuth Variation (KingBase continuation, n=494)	1. e4 e5 2. Nf3 Nc6 3. Bb5 a6 4. Ba4 Nf6 5. Bxc6 dxc6	1
C77	Ruy Lopez: Morphy Defense, Jaffe Gambit (KingBase continuation, n=2)	1. e4 e5 2. Nf3 Nc6 3. Bb5 a6 4. Ba4 Nf6 5. c3 b5	1
C77	Ruy Lopez: Morphy Defense, Mackenzie Variation (KingBase continuation, n=1002)	1. e4 e5 2. Nf3 Nc6 3. Bb5 a6 4. Ba4 Nf6 5. d4 exd4	1
C77	Ruy Lopez: Morphy Defense, Tarrasch Variation (KingBase continuation, n=146)	1. e4 e5 2. Nf3 Nc6 3. Bb5 a6 4. Ba4 Nf6 5. Nc3 b5	1
D00	Amazon Attack (KingBase continuation, n=1)	1. d4 d5 2. Qd3 e6 3. Nc3 Nf6 4. Bg5 c5 5. Nf3 Nc6	1
D00	Blackmar-Diemer Gambit Accepted: Ryder Gambit (KingBase continuation, n=2)	1. d4 d5 2. e4 dxe4 3. Nc3 Nf6 4. f3 exf3 5. Qxf3 c6	1
D00	Blackmar-Diemer Gambit Declined: Brombacher Countergambit (KingBase continuation, n=1)	1. d4 d5 2. e4 dxe4 3. Nc3 Nf6 4. f3 c5 5. Bb5+ Bd7	1
D00	Blackmar-Diemer Gambit Declined: Lamb Defense (KingBase continuation, n=1)	1. d4 d5 2. e4 dxe4 3. Nc3 Nf6 4. f3 Nc6 5. d5 Ne5	1
D00	Blackmar-Diemer Gambit Declined: Langeheinicke Defense (KingBase continuation, n=7)	1. d4 d5 2. e4 dxe4 3. Nc3 Nf6 4. f3 e3 5. Bxe3 e6	1
D00	Blackmar-Diemer Gambit Declined: O'Kelly Defense (KingBase continuation, n=1)	1. d4 d5 2. e4 dxe4 3. Nc3 Nf6 4. f3 c6 5. Bc4 Qa5	1
D00	Blackmar-Diemer Gambit Declined: Vienna Defense (KingBase continuation, n=6)	1. d4 d5 2. e4 dxe4 3. Nc3 Nf6 4. f3 Bf5 5. fxe4 Nxe4	1
D00	Blackmar-Diemer Gambit Declined: Weinsbach Defense (KingBase continuation, n=1)	1. d4 d5 2. e4 dxe4 3. Nc3 Nf6 4. f3 e6 5. Bg5 h6	1
D00	Blackmar-Diemer Gambit Declined: Weinsbach Defense, Pfrang Gambit (KingBase continuation, n=1)	1. d4 d5 2. e4 dxe4 3. Nc3 Nf6 4. f3 e6 5. fxe4 Bb4	1
D00	Blackmar-Diemer Gambit: Lemberger Countergambit (KingBase continuation, n=6)	1. d4 d5 2. e4 dxe4 3. Nc3 e5 4. Qh5 Nf6 5. Qxe5+ Be7	1
D00	Blackmar-Diemer Gambit: Lemberger Countergambit, Endgame Variation (KingBase continuation, n=2)	1. d4 d5 2. e4 dxe4 3. Nc3 e5 4. dxe5 Qxd1+ 5. Kxd1 Nc6	1
D00	Blackmar-Diemer Gambit: Lemberger Countergambit, Lange Gambit (KingBase continuation, n=1)	1. d4 d5 2. e4 dxe4 3. Nc3 e5 4. Nxe4 exd4 5. Bd3 Nf6	1
D00	Blackmar-Diemer Gambit: Lemberger Countergambit, Rasmussen Attack (KingBase continuation, n=1)	1. d4 d5 2. e4 dxe4 3. Nc3 e5 4. Nge2 Bb4 5. Be3 exd4	1
D00	Blackmar-Diemer Gambit: Lemberger Countergambit, Sneiders Attack (KingBase continuation, n=6)	1. d4 d5 2. e4 dxe4 3. Nc3 e5 4. Qh5 Nf6 5. Qxe5+ Be7	1
D00	Blackmar-Diemer Gambit: Lemberger Countergambit, Soller Attack (KingBase continuation, n=1)	1. d4 d5 2. e4 dxe4 3. Nc3 e5 4. Be3 Bb4 5. Qh5 Nd7	1
D00	Blackmar-Diemer Gambit: Zeller Defense (KingBase continuation, n=2)	1. d4 d5 2. e4 dxe4 3. Nc3 Bf5 4. f3 exf3 5. Qxf3 Qc8	1
D00	Queen's Pawn Game (KingBase continuation, n=22)	1. d4 d5 2. e3 Nf6 3. Bd3 c5 4. c3 Nc6 5. f4 Bg4	1
D00	Queen's Pawn Game (KingBase continuation, n=22)	1. d4 d5 2. e3 Nf6 3. Bd3 c5 4. c3 Nc6 5. f4 Bg4	1
D00	Queen's Pawn Game: Accelerated London System (KingBase continuation, n=154)	1. d4 d5 2. Bf4 Nf6 3. e3 c5 4. c3 Nc6 5. Nd2 Bf5	1
D00	Queen's Pawn Game: Accelerated London System, Steinitz Countergambit (KingBase continuation, n=84)	1. d4 d5 2. Bf4 c5 3. e3 Nc6 4. c3 Nf6 5. Nd2 Bf5	1
D00	Queen's Pawn Game: Accelerated London System, Steinitz Countergambit Accepted (KingBase continuation, n=2)	1. d4 d5 2. Bf4 c5 3. dxc5 Nc6 4. Nf3 e6 5. e4 Nf6	1
D00	Queen's Pawn Game: Accelerated London System, Steinitz Countergambit, Morris Countergambit (KingBase continuation, n=24)	1. d4 d5 2. Bf4 c5 3. e4 dxe4 4. d5 Nf6 5. Nc3 a6	1
D00	Queen's Pawn Game: Accelerated London System, Steinitz Countergambit, Morris Countergambit Accepted (KingBase continuation, n=24)	1. d4 d5 2. Bf4 c5 3. e4 dxe4 4. d5 Nf6 5. Nc3 a6	1
D00	Queen's Pawn Game: Chigorin Variation (KingBase continuation, n=45)	1. d4 d5 2. Nc3 Nf6 3. Bg5 e6 4. e4 dxe4 5. Nxe4 Be7	1
D00	Queen's Pawn Game: Chigorin Variation (KingBase continuation, n=9)	1. d4 d5 2. Nc3 e6 3. e4 Nf6 4. Bg5 Be7 5. e5 Nfd7	1
D00	Queen's Pawn Game: Chigorin Variation, Alburt Defense (KingBase continuation, n=12)	1. d4 d5 2. Nc3 Bf5 3. f3 Nf6 4. Bg5 Nbd7 5. Nxd5 Nxd5	1
D00	Queen's Pawn Game: Chigorin Variation, Anti-Veresov (KingBase continuation, n=1)	1. d4 d5 2. Nc3 Bg4 3. Qd3 c6 4. Nf3 e6 5. Ne5 Bf5	1
D00	Queen's Pawn Game: Chigorin Variation, Fianchetto Defense (KingBase continuation, n=3)	1. d4 g6 2. Nf3 Bg7 3. Nc3 d5 4. Bf4 Nf6 5. e3 O-O	1
D00	Queen's Pawn Game: Chigorin Variation, Irish Gambit (KingBase continuation, n=7)	1. d4 d5 2. Nc3 c5 3. e4 dxe4 4. d5 Nf6 5. Bg5 Nbd7	1
D00	Queen's Pawn Game: Chigorin Variation, Shaviliuk Gambit (KingBase continuation, n=1)	1. d4 d5 2. Nc3 e5 3. dxe5 d4 4. Nb5 Bc5 5. Nf3 Nc6	1
D00	Queen's Pawn Game: Hübsch Gambit (KingBase continuation, n=28)	1. d4 Nf6 2. Nc3 d5 3. e4 dxe4 4. f3 exf3 5. Nxf3 Bg4	1
D00	Queen's Pawn Game: Levitsky Attack (KingBase continuation, n=119)	1. d4 d5 2. Bg5 h6 3. Bh4 c6 4. e3 Qb6 5. Qc1 e5	1
D00	Queen's Pawn Game: Levitsky Attack, Welling Variation (KingBase continuation, n=1)	1. d4 d5 2. Bg5 Bg4 3. h3 Bh5 4. Nd2 h6 5. Bf4 Nf6	1
D00	Queen's Pawn Game: Mason Attack (KingBase continuation, n=2)	1. d4 d5 2. f4 Nf6 3. Nf3 g6 4. e3 Bg7 5. Bd3 c5	1
D00	Queen's Pawn Game: Stonewall Attack (KingBase continuation, n=22)	1. d4 d5 2. e3 Nf6 3. Bd3 c5 4. c3 Nc6 5. f4 Bg4	1
D00	Queen's Pawn Game: Zurich Gambit (KingBase continuation, n=1)	1. d4 d5 2. g4 c6 3. Nf3 Nf6 4. Nc3 a6 5. g5 Nbd7	1
D01	Rapport-Jobava System (KingBase continuation, n=21)	1. d4 d5 2. Nc3 Nf6 3. Bf4 Bf5 4. f3 e6 5. g4 Bg6	1
D01	Rapport-Jobava System (KingBase continuation, n=16)	1. d4 d5 2. Nc3 Nf6 3. Bf4 e6 4. Nb5 Na6 5. e3 c6	1
D01	Rapport-Jobava System (KingBase continuation, n=4)	1. d4 d5 2. Nc3 Nf6 3. Bf4 g6 4. Qd2 Bg7 5. Bh6 O-O	1
D01	Rapport-Jobava System, with e6 (KingBase continuation, n=3)	1. d4 d5 2. Nc3 e6 3. Bf4 Bd6 4. e3 Ne7 5. Bd3 Ng6	1
D01	Richter-Veresov Attack (KingBase continuation, n=59)	1. d4 Nf6 2. Nc3 d5 3. Bg5 Bf5 4. Bxf6 exf6 5. e3 c6	1
D01	Richter-Veresov Attack: Boyce Defense (KingBase continuation, n=7)	1. d4 Nf6 2. Nc3 d5 3. Bg5 Ne4 4. Nxe4 dxe4 5. e3 c5	1
D01	Richter-Veresov Attack: Richter Variation (KingBase continuation, n=34)	1. d4 Nf6 2. Nc3 d5 3. Bg5 Bf5 4. f3 Nbd7 5. Nxd5 Nxd5	1
D01	Richter-Veresov Attack: Two Knights System (KingBase continuation, n=105)	1. d4 Nf6 2. Nc3 d5 3. Bg5 Nbd7 4. Nf3 g6 5. e3 Bg7	1
D01	Richter-Veresov Attack: Two Knights System, Grünfeld Defense (KingBase continuation, n=105)	1. d4 Nf6 2. Nc3 d5 3. Bg5 Nbd7 4. Nf3 g6 5. e3 Bg7	1
D01	Richter-Veresov Attack: Veresov Variation (KingBase continuation, n=59)	1. d4 Nf6 2. Nc3 d5 3. Bg5 Bf5 4. Bxf6 exf6 5. e3 c6	1
D02	London System: Poisoned Pawn Variation (KingBase continuation, n=9)	1. d4 Nf6 2. Nf3 d5 3. Bf4 c5 4. e3 Qb6 5. Nc3 c4	1
D02	Queen's Gambit Declined: Baltic Defense, Pseudo-Slav (KingBase continuation, n=100)	1. d4 d5 2. Nf3 Bf5 3. c4 e6 4. Nc3 c6 5. Qb3 Qb6	1
D02	Queen's Pawn Game: Anti-Torre (KingBase continuation, n=11)	1. Nf3 d5 2. d4 Bg4 3. Ne5 Bf5 4. c4 f6 5. Nf3 e6	1
D02	Queen's Pawn Game: Chandler Gambit (KingBase continuation, n=4)	1. d4 d5 2. Nf3 c5 3. g3 cxd4 4. Bg2 Qa5+ 5. c3 dxc3	1
D02	Queen's Pawn Game: Chigorin Variation (KingBase continuation, n=90)	1. d4 d5 2. Nf3 Nc6 3. c4 Bg4 4. cxd5 Bxf3 5. gxf3 Qxd5	1
D02	Queen's Pawn Game: Krause Variation (KingBase continuation, n=91)	1. d4 d5 2. Nf3 c5 3. c4 e6 4. cxd5 exd5 5. g3 Nc6	1
D02	Queen's Pawn Game: Levitsky Attack, Euwe Variation, Modern Line (KingBase continuation, n=14)	1. d4 d5 2. Nf3 c6 3. Bg5 h6 4. Bh4 Qb6 5. b3 Bf5	1
D02	Queen's Pawn Game: London System, with e6 (KingBase continuation, n=21)	1. d4 d5 2. Nf3 e6 3. Bf4 c5 4. e3 Nc6 5. c3 Nf6	1
D02	Queen's Pawn Game: London System, with e6 (KingBase continuation, n=18)	1. d4 d5 2. Nf3 e6 3. Bf4 Nf6 4. e3 c5 5. c3 Nc6	1
D03	Queen's Pawn Game: Torre Attack (KingBase continuation, n=7)	1. d4 d5 2. Nf3 Nf6 3. Bg5 e6 4. e3 Nbd7 5. Bd3 Be7	1
D03	Queen's Pawn Game: Torre Attack, Gossip Variation (KingBase continuation, n=90)	1. d4 d5 2. Nf3 Nf6 3. Bg5 Ne4 4. Bf4 c5 5. e3 Qb6	1
D03	Queen's Pawn Game: Torre Attack, Grünfeld Variation (KingBase continuation, n=3)	1. d4 d5 2. Nf3 Nf6 3. Bg5 g6 4. Nbd2 Bg7 5. e3 O-O	1
D03	Queen's Pawn Game: Torre Attack, Grünfeld Variation (KingBase continuation, n=2)	1. d4 d5 2. Nf3 Nf6 3. Bg5 g6 4. e3 Bg7 5. Be2 O-O	1
D04	Queen's Pawn Game: Colle System, Anti-Colle (KingBase continuation, n=143)	1. d4 d5 2. Nf3 Nf6 3. e3 Bf5 4. c4 c6 5. Nc3 e6	1
D04	Queen's Pawn Game: Colle System, Grünfeld Formation (KingBase continuation, n=36)	1. d4 d5 2. Nf3 Nf6 3. e3 g6 4. Bd3 Bg7 5. O-O O-O	1
D05	Queen's Pawn Game: Colle System, Traditional Colle (KingBase continuation, n=36)	1. d4 Nf6 2. Nf3 e6 3. e3 c5 4. Bd3 d5 5. c3 Nc6	1
D05	Queen's Pawn Game: Zukertort Variation (KingBase continuation, n=1)	1. d4 d5 2. Nf3 c5 3. e3 Nf6 4. Nbd2 e6 5. b3 b6	1
D06	Queen's Gambit Declined: Austrian Attack, Salvio Countergambit (KingBase continuation, n=8)	1. d4 d5 2. c4 c5 3. dxc5 d4 4. Nf3 Nc6 5. e3 e5	1
D06	Queen's Gambit Declined: Baltic Defense, Pseudo-Chigorin (KingBase continuation, n=25)	1. d4 d5 2. c4 Bf5 3. Nc3 e6 4. Nf3 Nc6 5. cxd5 exd5	1
D06	Queen's Gambit Declined: Baltic Defense, Queen Attack (KingBase continuation, n=17)	1. d4 d5 2. c4 Bf5 3. Qb3 e5 4. cxd5 exd4 5. Nf3 Bc5	1
D06	Queen's Gambit Declined: Baltic Defense, Queen Attack Deferred (KingBase continuation, n=5)	1. d4 d5 2. c4 Bf5 3. Nc3 e6 4. Qb3 Nc6 5. cxd5 exd5	1
D06	Queen's Gambit Declined: Marshall Defense (KingBase continuation, n=13)	1. d4 d5 2. c4 Nf6 3. cxd5 Nxd5 4. e4 Nf6 5. Nc3 e6	1
D06	Queen's Gambit Declined: Marshall Defense, Tan Gambit (KingBase continuation, n=4)	1. d4 d5 2. c4 Nf6 3. cxd5 c6 4. dxc6 Nxc6 5. Nf3 e5	1
D07	Queen's Gambit Declined: Chigorin Defense (KingBase continuation, n=140)	1. d4 d5 2. c4 Nc6 3. Nc3 dxc4 4. Nf3 Nf6 5. e4 Bg4	1
D07	Queen's Gambit Declined: Chigorin Defense (KingBase continuation, n=140)	1. d4 d5 2. c4 Nc6 3. Nc3 dxc4 4. Nf3 Nf6 5. e4 Bg4	1
D07	Queen's Gambit Declined: Chigorin Defense, Janowski Variation (KingBase continuation, n=140)	1. d4 d5 2. c4 Nc6 3. Nc3 dxc4 4. Nf3 Nf6 5. e4 Bg4	1
D07	Queen's Gambit Declined: Chigorin Defense, Lazard Gambit (KingBase continuation, n=32)	1. d4 d5 2. c4 Nc6 3. Nf3 e5 4. dxe5 Bb4+ 5. Bd2 dxc4	1
D07	Queen's Gambit Declined: Chigorin Defense, Main Line (KingBase continuation, n=212)	1. d4 d5 2. c4 Nc6 3. Nf3 Bg4 4. cxd5 Bxf3 5. gxf3 Qxd5	1
D07	Queen's Gambit Declined: Chigorin Defense, Main Line, Alekhine Variation (KingBase continuation, n=7)	1. d4 d5 2. c4 Nc6 3. Nf3 Bg4 4. Qa4 Bxf3 5. gxf3 e6	1
D07	Queen's Gambit Declined: Chigorin Defense, Modern Gambit (KingBase continuation, n=140)	1. d4 d5 2. c4 Nc6 3. Nc3 dxc4 4. Nf3 Nf6 5. e4 Bg4	1
D07	Queen's Gambit Declined: Chigorin Defense, Tartakower Gambit (KingBase continuation, n=92)	1. d4 d5 2. c4 Nc6 3. Nc3 e5 4. cxd5 Nxd4 5. e3 Nf5	1
D08	Queen's Gambit Declined: Albin Countergambit, Spassky Variation (KingBase continuation, n=17)	1. d4 d5 2. c4 e5 3. dxe5 d4 4. e4 Nc6 5. f4 f6	1
D08	Queen's Gambit Declined: Albin Countergambit, Tartakower Defense (KingBase continuation, n=6)	1. d4 d5 2. c4 e5 3. dxe5 d4 4. Nf3 c5 5. e3 Nc6	1
D10	Slav Defense (KingBase continuation, n=461)	1. d4 d5 2. c4 c6 3. Nc3 dxc4 4. e4 b5 5. a4 b4	1
D10	Slav Defense: Exchange Variation, Boor Attack (KingBase continuation, n=11)	1. d4 d5 2. c4 c6 3. cxd5 cxd5 4. Nc3 Nf6 5. f3 Nc6	1
D10	Slav Defense: Slav Gambit, Alekhine Attack (KingBase continuation, n=461)	1. d4 d5 2. c4 c6 3. Nc3 dxc4 4. e4 b5 5. a4 b4	1
D10	Slav Defense: Winawer Countergambit (KingBase continuation, n=171)	1. d4 d5 2. c4 c6 3. Nc3 e5 4. dxe5 d4 5. Ne4 Qa5+	1
D11	Slav Defense: Bonet Gambit (KingBase continuation, n=2)	1. d4 d5 2. c4 c6 3. Nf3 Nf6 4. Bg5 Ne4 5. Bf4 e6	1
D11	Slav Defense: Breyer Variation (KingBase continuation, n=60)	1. d4 d5 2. c4 c6 3. Nf3 Nf6 4. Nbd2 Bf5 5. Nh4 Be4	1
D11	Slav Defense: Quiet Variation, Pin Defense (KingBase continuation, n=512)	1. d4 d5 2. c4 c6 3. Nf3 Nf6 4. e3 Bg4 5. h3 Bxf3	1
D15	Slav Defense: Alekhine Variation (KingBase continuation, n=218)	1. d4 d5 2. c4 c6 3. Nf3 Nf6 4. Nc3 dxc4 5. e3 b5	1
D15	Slav Defense: Chebanenko Variation, Advance System (KingBase continuation, n=822)	1. d4 d5 2. c4 c6 3. Nf3 Nf6 4. Nc3 a6 5. c5 Nbd7	1
D15	Slav Defense: Schlechter Variation (KingBase continuation, n=111)	1. d4 d5 2. c4 c6 3. Nf3 Nf6 4. Nc3 g6 5. e3 Bg7	1
D15	Slav Defense: Süchting Variation (KingBase continuation, n=22)	1. d4 d5 2. c4 c6 3. Nf3 Nf6 4. Nc3 Qb6 5. e3 Bg4	1
D20	Queen's Gambit Accepted: Accelerated Mannheim Variation (KingBase continuation, n=8)	1. d4 d5 2. c4 dxc4 3. Qa4+ c6 4. Qxc4 Nf6 5. Nf3 Bf5	1
D20	Queen's Gambit Accepted: Central Variation, Alekhine System (KingBase continuation, n=1092)	1. d4 d5 2. c4 dxc4 3. e4 Nf6 4. e5 Nd5 5. Bxc4 Nb6	1
D20	Queen's Gambit Accepted: Central Variation, Greco Variation (KingBase continuation, n=67)	1. d4 d5 2. c4 dxc4 3. e4 b5 4. a4 c6 5. axb5 cxb5	1
D20	Queen's Gambit Accepted: Central Variation, McDonnell Defense (KingBase continuation, n=549)	1. d4 d5 2. c4 dxc4 3. e4 e5 4. Nf3 exd4 5. Bxc4 Nc6	1
D20	Queen's Gambit Accepted: Central Variation, McDonnell Defense, Somov Gambit (KingBase continuation, n=1)	1. d4 d5 2. c4 dxc4 3. e4 e5 4. Bxc4 Qxd4 5. Nd2 Bb4	1
D20	Queen's Gambit Accepted: Central Variation, Modern Defense (KingBase continuation, n=280)	1. d4 d5 2. c4 dxc4 3. e4 Nc6 4. Nf3 Bg4 5. d5 Ne5	1
D20	Queen's Gambit Accepted: Central Variation, Rubinstein Defense, Yefimov Gambit (KingBase continuation, n=5)	1. d4 d5 2. c4 dxc4 3. e4 c5 4. d5 b5 5. a4 Nf6	1
D21	Queen's Gambit Accepted: Alekhine Defense, Borisenko-Furman Variation (KingBase continuation, n=54)	1. d4 d5 2. c4 dxc4 3. Nf3 a6 4. e4 b5 5. a4 Bb7	1
D21	Queen's Gambit Accepted: Godes Variation (KingBase continuation, n=3)	1. d4 d5 2. c4 dxc4 3. Nf3 Nd7 4. e4 Nb6 5. Bxc4 Nxc4	1
D21	Queen's Gambit Accepted: Gunsberg Defense (KingBase continuation, n=107)	1. d4 d5 2. c4 dxc4 3. Nf3 c5 4. e3 cxd4 5. Bxc4 Qc7	1
D21	Queen's Gambit Accepted: Slav Gambit (KingBase continuation, n=3)	1. d4 d5 2. c4 dxc4 3. Nf3 b5 4. a4 c6 5. e3 Qb6	1
D22	Queen's Gambit Accepted: Alekhine Defense, Haberditz Variation (KingBase continuation, n=290)	1. d4 d5 2. c4 dxc4 3. Nf3 a6 4. e3 b5 5. a4 Bb7	1
D23	Queen's Gambit Accepted: Mannheim Variation (KingBase continuation, n=60)	1. d4 d5 2. c4 dxc4 3. Nf3 Nf6 4. Qa4+ c6 5. Qxc4 Bf5	1
D24	Queen's Gambit Accepted (KingBase continuation, n=71)	1. d4 d5 2. c4 e6 3. Nf3 Nf6 4. Nc3 dxc4 5. e4 Bb4	1
D24	Queen's Gambit Accepted: Bogoljubow Defense (KingBase continuation, n=227)	1. d4 d5 2. c4 dxc4 3. Nf3 Nf6 4. Nc3 a6 5. e4 b5	1
D25	Queen's Gambit Accepted: Janowski-Larsen Variation (KingBase continuation, n=673)	1. d4 d5 2. c4 dxc4 3. Nf3 Nf6 4. e3 Bg4 5. Bxc4 e6	1
D25	Queen's Gambit Accepted: Smyslov Variation (KingBase continuation, n=120)	1. d4 d5 2. c4 dxc4 3. Nf3 Nf6 4. e3 g6 5. Bxc4 Bg7	1
D25	Queen's Gambit Accepted: Winawer Defense (KingBase continuation, n=10)	1. d4 d5 2. c4 dxc4 3. Nf3 Nf6 4. e3 Be6 5. Na3 Bd5	1
D30	Queen's Gambit Declined: Capablanca Variation (KingBase continuation, n=104)	1. d4 Nf6 2. c4 e6 3. Nf3 d5 4. Bg5 h6 5. Bxf6 Qxf6	1
D30	Queen's Gambit Declined: Tarrasch Defense, Pseudo-Tarrasch Bishop Attack (KingBase continuation, n=78)	1. d4 d5 2. c4 e6 3. Nf3 c5 4. cxd5 exd5 5. Bg5 Be7	1
D30	Queen's Gambit Declined: Traditional Variation (KingBase continuation, n=104)	1. d4 Nf6 2. c4 e6 3. Nf3 d5 4. Bg5 h6 5. Bxf6 Qxf6	1
D30	Queen's Gambit Declined: Vienna Variation (KingBase continuation, n=35)	1. d4 Nf6 2. c4 e6 3. Nf3 d5 4. Bg5 Bb4+ 5. Nbd2 dxc4	1
D31	Queen's Gambit Declined: Janowski Variation (KingBase continuation, n=75)	1. d4 d5 2. c4 e6 3. Nc3 a6 4. cxd5 exd5 5. Nf3 c6	1
D31	Semi-Slav Defense: Anti-Noteboom, Stonewall Variation (KingBase continuation, n=107)	1. d4 d5 2. c4 e6 3. Nc3 c6 4. e3 f5 5. Bd3 Nf6	1
D31	Semi-Slav Defense: Anti-Noteboom, Stonewall Variation, Portisch Gambit (KingBase continuation, n=47)	1. d4 d5 2. c4 e6 3. Nc3 c6 4. e3 f5 5. g4 Nf6	1
D31	Semi-Slav Defense: Gunderam Gambit (KingBase continuation, n=1)	1. d4 d5 2. c4 e6 3. Nc3 c6 4. e4 dxe4 5. f3 e5	1
D31	Semi-Slav Defense: Noteboom Variation, Anti-Noteboom Gambit (KingBase continuation, n=48)	1. d4 d5 2. c4 e6 3. Nc3 c6 4. Nf3 dxc4 5. g3 b5	1
D32	Tarrasch Defense: Marshall Gambit (KingBase continuation, n=26)	1. d4 d5 2. c4 e6 3. Nc3 c5 4. cxd5 exd5 5. e4 dxe4	1
D35	Queen's Gambit Declined: Harrwitz Attack (KingBase continuation, n=14)	1. d4 d5 2. c4 e6 3. Nc3 Nf6 4. Bf4 Be7 5. e3 O-O	1
D37	Queen's Gambit Declined: Three Knights, Vienna Variation (KingBase continuation, n=700)	1. d4 Nf6 2. c4 e6 3. Nf3 d5 4. Nc3 dxc4 5. e4 Bb4	1
D37	Queen's Gambit Declined: Vienna Variation, Quiet Variation (KingBase continuation, n=457)	1. d4 Nf6 2. c4 e6 3. Nf3 d5 4. Nc3 dxc4 5. e3 a6	1
D38	Queen's Gambit Declined: Ragozin Defense, Alekhine Variation (KingBase continuation, n=422)	1. d4 Nf6 2. c4 e6 3. Nf3 d5 4. Nc3 Bb4 5. Qa4+ Nc6	1
D40	Queen's Gambit Declined: Semi-Tarrasch Defense, Pillsbury Variation (KingBase continuation, n=1)	1. d4 d5 2. c4 e6 3. Nc3 Nf6 4. Nf3 c5 5. Bg5 cxd4	1
D53	Queen's Gambit Declined: Modern Variation, Heral Variation (KingBase continuation, n=1)	1. d4 d5 2. c4 e6 3. Nc3 Nf6 4. Bg5 Be7 5. Bxf6 Bxf6	1
D70	Neo-Grünfeld Defense: Goglidze Attack (KingBase continuation, n=919)	1. d4 Nf6 2. c4 g6 3. f3 d5 4. cxd5 Nxd5 5. e4 Nb6	1
D70	Neo-Grünfeld Defense: with Nf3 (KingBase continuation, n=5)	1. d4 Nf6 2. c4 g6 3. Nf3 d5 4. cxd5 Nxd5 5. e4 Nb6	1
D73	Neo-Grünfeld Defense: with g3 (KingBase continuation, n=7)	1. d4 Nf6 2. c4 g6 3. g3 d5 4. Bg2 Bg7 5. Nf3 O-O	1
D80	Grünfeld Defense: Gibbon Gambit (KingBase continuation, n=2)	1. d4 Nf6 2. c4 g6 3. Nc3 d5 4. g4 Bxg4 5. Qb3 dxc4	1
D80	Grünfeld Defense: Zaitsev Gambit (KingBase continuation, n=31)	1. d4 Nf6 2. c4 g6 3. Nc3 d5 4. h4 c6 5. cxd5 cxd5	1
D81	Grünfeld Defense: Russian Variation, Accelerated Variation (KingBase continuation, n=307)	1. d4 Nf6 2. c4 g6 3. Nc3 d5 4. Qb3 dxc4 5. Qxc4 Bg7	1
D85	Grünfeld Defense: Exchange Variation, Nadanian Attack (KingBase continuation, n=170)	1. d4 Nf6 2. c4 g6 3. Nc3 d5 4. cxd5 Nxd5 5. Na4 Bg7	1
D90	Grünfeld Defense: Flohr Variation (KingBase continuation, n=210)	1. d4 Nf6 2. c4 g6 3. Nc3 d5 4. Nf3 Bg7 5. Qa4+ Bd7	1
D91	Grünfeld Defense: Three Knights Variation, Petrosian System (KingBase continuation, n=1570)	1. d4 Nf6 2. c4 g6 3. Nc3 d5 4. Nf3 Bg7 5. Bg5 Ne4	1
E00	Catalan Opening: Hungarian Gambit (KingBase continuation, n=4)	1. d4 Nf6 2. c4 e6 3. g3 e5 4. dxe5 Ng4 5. Nf3 Bc5	1
E00	Indian Defense: Seirawan Attack (KingBase continuation, n=11)	1. d4 Nf6 2. c4 e6 3. Bg5 c5 4. d5 exd5 5. cxd5 h6	1
E10	Indian Defense: Dzindzi-Indian Defense (KingBase continuation, n=24)	1. d4 Nf6 2. c4 e6 3. Nf3 a6 4. Nc3 d5 5. cxd5 exd5	1
E10	Indian Defense: Döry Indian (KingBase continuation, n=1)	1. d4 Nf6 2. c4 e6 3. Nf3 Ne4 4. a3 d5 5. e3 c6	1
E11	Bogo-Indian Defense: Exchange Variation (KingBase continuation, n=221)	1. d4 Nf6 2. c4 e6 3. Nf3 Bb4+ 4. Bd2 Bxd2+ 5. Qxd2 d5	1
E11	Bogo-Indian Defense: New England Variation (KingBase continuation, n=1)	1. d4 Nf6 2. c4 e6 3. Nf3 Bb4+ 4. Nfd2 O-O 5. g3 c5	1
E11	Bogo-Indian Defense: Nimzowitsch Variation (KingBase continuation, n=1492)	1. d4 Nf6 2. c4 e6 3. Nf3 Bb4+ 4. Bd2 Qe7 5. g3 Nc6	1
E11	Bogo-Indian Defense: Retreat Variation (KingBase continuation, n=70)	1. d4 Nf6 2. c4 e6 3. Nf3 Bb4+ 4. Bd2 Be7 5. Nc3 d5	1
E11	Bogo-Indian Defense: Vitolins Variation (KingBase continuation, n=986)	1. d4 Nf6 2. c4 e6 3. Nf3 Bb4+ 4. Bd2 c5 5. Bxb4 cxb4	1
E12	Queen's Indian Defense: Miles Variation (KingBase continuation, n=129)	1. d4 Nf6 2. c4 e6 3. Nf3 b6 4. Bf4 Bb7 5. e3 Be7	1
E15	Queen's Indian Defense: Fianchetto Variation, Nimzowitsch Variation, Nimzowitsch Attack (KingBase continuation, n=815)	1. d4 Nf6 2. c4 e6 3. Nf3 b6 4. g3 Ba6 5. Qa4 Bb7	1
E15	Queen's Indian Defense: Fianchetto Variation, Nimzowitsch Variation, Timman's Line (KingBase continuation, n=297)	1. d4 Nf6 2. c4 e6 3. Nf3 b6 4. g3 Ba6 5. Qb3 Nc6	1
E20	Nimzo-Indian Defense: Dilworth Gambit (KingBase continuation, n=1)	1. d4 Nf6 2. c4 e6 3. Nc3 Bb4 4. e4 Nxe4 5. Qg4 f5	1
E20	Nimzo-Indian Defense: Mikenas Attack (KingBase continuation, n=2)	1. d4 Nf6 2. c4 e6 3. Nc3 Bb4 4. Qd3 d5 5. Bg5 O-O	1
E20	Nimzo-Indian Defense: Romanishin Variation (KingBase continuation, n=317)	1. d4 Nf6 2. c4 e6 3. Nc3 Bb4 4. g3 O-O 5. Bg2 d5	1
E40	Nimzo-Indian Defense: Rubinstein System, Taimanov Variation (KingBase continuation, n=59)	1. d4 Nf6 2. c4 e6 3. Nc3 Bb4 4. e3 Nc6 5. Ne2 d5	1
E60	Indian Defense: Anti-Grünfeld, Adorjan Gambit (KingBase continuation, n=3)	1. d4 Nf6 2. c4 g6 3. d5 b5 4. cxb5 a6 5. bxa6 Bxa6	1
E60	Indian Defense: Anti-Grünfeld, Advance Variation (KingBase continuation, n=18)	1. d4 Nf6 2. c4 g6 3. d5 Bg7 4. Nc3 O-O 5. e4 d6	1
E60	Indian Defense: Anti-Grünfeld, Alekhine Variation, Leko Gambit (KingBase continuation, n=40)	1. d4 Nf6 2. c4 g6 3. f3 e5 4. dxe5 Nh5 5. Nh3 Nc6	1
E60	Indian Defense: Anti-Grünfeld, Basman-Williams Attack (KingBase continuation, n=2)	1. d4 Nf6 2. c4 g6 3. h4 Bg7 4. Nc3 d6 5. e4 O-O	1
E60	King's Indian Defense: Santasiere Variation (KingBase continuation, n=5)	1. d4 Nf6 2. c4 g6 3. Nf3 Bg7 4. b4 O-O 5. e3 d6	1
E60	Queen's Pawn, Mengarini Attack (KingBase continuation, n=1)	1. d4 Nf6 2. c4 g6 3. Qc2 d5 4. cxd5 Nxd5 5. e4 Nb6	1
E61	King's Indian Defense: Smyslov Variation (KingBase continuation, n=141)	1. d4 Nf6 2. c4 g6 3. Nc3 Bg7 4. Nf3 d6 5. Bg5 h6	1
E70	King's Indian Defense: Accelerated Averbakh Variation (KingBase continuation, n=307)	1. d4 Nf6 2. c4 g6 3. Nc3 Bg7 4. e4 d6 5. Bg5 O-O	1
E70	King's Indian Defense: Kramer Variation (KingBase continuation, n=974)	1. d4 Nf6 2. c4 g6 3. Nc3 Bg7 4. e4 d6 5. Nge2 O-O	1
